,0,cycle_Nr,Re(Z)0.00931323,-Im(Z)0.00931323,Re(Z)0.0139698,-Im(Z)0.0139698,Re(Z)0.0209548,-Im(Z)0.0209548,Re(Z)0.0325963,-Im(Z)0.0325963,Re(Z)0.0488944,-Im(Z)0.0488944,Re(Z)0.0721775,-Im(Z)0.0721775,Re(Z)0.107102,-Im(Z)0.107102,Re(Z)0.158325,-Im(Z)0.158325,Re(Z)0.235159,-Im(Z)0.235159,Re(Z)0.349246,-Im(Z)0.349246,Re(Z)0.516884,-Im(Z)0.516884,Re(Z)0.768341,-Im(Z)0.768341,Re(Z)1.14087,-Im(Z)1.14087,Re(Z)1.69268,-Im(Z)1.69268,Re(Z)2.51224,-Im(Z)2.51224,Re(Z)3.72762,-Im(Z)3.72762,Re(Z)5.53438,-Im(Z)5.53438,Re(Z)8.21194,-Im(Z)8.21194,Re(Z)12.184,-Im(Z)12.184,Re(Z)18.077,-Im(Z)18.077,Re(Z)26.8198,-Im(Z)26.8198,Re(Z)39.8047,-Im(Z)39.8047,Re(Z)59.0552,-Im(Z)59.0552,Re(Z)87.684,-Im(Z)87.684,Re(Z)130.089,-Im(Z)130.089,Re(Z)193.035,-Im(Z)193.035,Re(Z)286.568,-Im(Z)286.568,Re(Z)425.149,-Im(Z)425.149,Re(Z)630.738,-Im(Z)630.738,Re(Z)936.063,-Im(Z)936.063,Re(Z)1390.0,-Im(Z)1390.0,Re(Z)2063.0,-Im(Z)2063.0,Re(Z)3061.0,-Im(Z)3061.0,Re(Z)4542.0,-Im(Z)4542.0,Re(Z)6740.0,-Im(Z)6740.0,Re(Z)10001.0,-Im(Z)10001.0,I(uA),Q_relative
0,,1.0,48852.2,46573.1,39784.6,41140.6,41164.0,38890.6,38284.1,33659.9,36293.0,28336.3,34619.9,24173.4,33395.9,20196.1,31923.1,16555.0,29705.9,13207.8,27811.1,10576.3,26130.5,8611.61,24760.2,7190.69,23657.6,6144.15,22631.5,5456.84,21682.4,5028.83,20756.5,4859.8,19795.4,4894.37,18729.9,5102.05,17502.5,5420.33,16096.2,5765.99,14510.9,6042.43,12797.5,6176.78,11042.9,6119.76,9338.71,5880.8,7757.96,5485.34,6342.67,4982.9,5113.74,4430.5,4069.38,3866.3,3192.45,3317.36,2468.64,2800.16,1880.17,2323.93,1414.24,1897.71,1052.98,1524.2,780.681,1205.81,576.129,936.676,20.1169,672.406,20.0,0.76
1,,2.0,4262.66,744.727,4109.63,680.813,3915.34,646.593,3753.19,610.109,3632.0,590.529,3460.85,556.29,3348.26,536.941,3218.56,519.4,3078.25,501.626,2946.45,487.526,2822.57,467.573,2700.92,454.951,2590.08,440.453,2484.03,426.848,2381.54,416.192,2283.0,407.998,2186.52,402.07,2090.17,397.887,1995.49,396.19,1900.88,395.982,1803.47,396.869,1706.1,398.409,1607.92,400.743,1508.63,403.369,1408.27,407.367,1306.46,412.059,1201.52,416.41,1094.29,420.84,984.566,422.613,871.517,420.312,757.618,412.038,645.912,397.294,539.758,373.883,440.624,342.631,352.459,305.143,281.641,268.239,20.0,0.72
2,,3.0,1475.7,466.609,1343.66,418.363,1274.42,371.091,1175.12,330.92,1100.94,302.348,1028.56,281.0,962.757,260.804,910.59,243.71,857.347,227.845,802.499,210.987,751.674,198.882,703.08,183.267,658.154,171.351,616.449,158.823,578.052,147.556,542.789,136.46,510.757,126.32,480.894,117.024,453.213,107.949,427.91,100.7,404.793,93.2055,383.227,86.4027,363.399,80.9338,344.816,75.7917,327.46,72.0086,311.452,68.993,295.629,66.9526,280.388,66.5611,265.193,66.2011,249.524,67.2323,233.199,68.8636,215.901,70.6,197.916,72.8279,178.468,73.8025,157.575,72.0772,133.864,68.9481,20.0,0.73
3,,4.0,903.619,321.803,836.947,268.775,776.234,249.611,724.889,213.158,679.224,191.325,637.35,173.753,594.803,158.885,561.326,147.645,529.737,137.494,499.811,126.374,469.155,116.55,441.935,108.812,415.801,100.183,390.88,92.5046,368.401,85.2114,348.606,78.4868,329.958,72.1142,313.046,66.5918,297.233,61.7613,283.382,56.6283,270.346,53.0079,258.188,50.0939,247.109,47.8761,235.716,45.855,225.743,44.7237,214.917,44.0103,204.546,44.28,194.233,44.581,183.14,45.8549,171.382,46.5797,159.388,47.1922,147.119,47.9426,133.406,47.5855,120.451,46.9005,107.645,44.277,94.0251,41.8847,20.0,0.68
4,,5.0,860.372,306.783,787.428,257.149,740.479,232.201,687.78,198.357,644.641,176.4,608.289,162.611,568.839,148.172,536.578,137.131,508.108,126.416,479.451,115.821,452.389,108.35,427.071,99.3348,403.495,92.3194,381.796,84.571,361.857,77.8437,343.83,70.9826,326.963,65.254,312.557,60.3146,298.701,55.914,286.042,51.5017,274.806,48.4032,264.263,46.4533,253.938,44.8741,243.248,43.4377,233.305,44.1545,222.746,44.4741,212.129,45.8164,200.602,47.2396,188.869,49.4135,175.909,50.2708,162.078,51.4133,148.507,51.3697,133.995,50.1709,120.529,48.6607,107.826,45.6482,95.3007,40.9052,20.0,0.67
5,,6.0,904.132,312.05,845.379,282.438,790.942,232.332,737.361,209.708,690.859,188.272,653.33,171.423,612.728,154.8,581.135,141.511,549.805,131.113,519.279,122.395,491.897,112.705,464.221,104.458,439.643,95.6533,416.434,87.4981,395.4,80.0925,376.817,73.6141,359.884,67.0976,344.643,61.8156,330.51,57.2189,317.617,53.802,306.224,50.7085,294.888,49.2947,283.72,48.3037,272.997,48.5161,261.524,49.6536,249.846,51.4538,236.63,53.5003,223.826,55.984,208.768,57.7016,194.024,59.3608,177.828,59.9892,161.248,59.5654,145.484,57.8925,130.298,55.0261,116.683,50.2573,104.887,46.7491,20.0,0.69
6,,7.0,1005.46,336.43,929.102,294.241,883.019,262.407,815.152,227.076,770.386,202.272,723.774,184.888,686.608,170.235,649.724,156.425,612.21,143.895,578.274,131.881,545.116,121.297,515.19,111.799,489.368,102.923,465.616,94.3678,443.945,86.9202,424.568,79.2755,407.251,72.8211,391.075,67.1658,376.727,63.3006,363.477,59.7603,351.297,56.9909,339.187,56.6157,326.806,56.2868,313.809,56.7712,300.96,59.0001,286.112,61.6002,271.408,64.13,254.773,66.7754,237.194,68.9564,218.008,71.2313,198.539,70.9209,179.198,69.5267,160.63,66.445,142.736,61.831,127.507,56.4579,113.246,50.4373,20.0,0.64
7,,8.0,1088.1,368.74,1014.62,306.38,947.381,282.918,889.914,241.015,838.081,215.456,792.946,195.469,744.174,178.663,703.36,165.147,667.331,152.67,634.734,141.748,603.834,130.681,573.624,119.538,545.097,110.93,519.041,101.235,494.717,92.8864,473.301,84.9832,453.576,78.4686,436.016,72.3407,419.389,67.7447,404.589,64.5212,389.58,62.6083,375.745,61.7476,361.177,62.0732,347.057,64.0304,331.532,66.0379,315.172,69.349,297.325,72.891,278.24,76.0474,257.798,78.2235,236.678,79.3456,213.945,78.9224,193.217,76.4996,172.234,72.4614,153.553,67.5421,136.689,62.1734,120.773,58.0377,20.0,0.63
8,,9.0,1168.05,397.292,1106.58,335.722,1026.49,287.607,969.609,257.806,911.103,232.693,866.83,210.95,814.834,191.433,770.653,174.895,732.45,161.421,695.695,149.526,661.916,139.331,631.536,128.515,600.178,117.72,573.036,108.168,547.582,99.3183,524.53,91.2135,503.372,84.3042,484.145,78.1634,466.692,73.8857,449.695,71.111,434.063,69.1494,418.358,68.9546,401.883,70.7063,385.419,73.3066,367.608,76.0671,348.385,80.4449,327.12,84.1262,304.904,87.3911,281.143,89.5075,256.842,90.3577,232.316,89.2041,208.228,85.9055,185.362,80.7715,164.664,74.4822,146.487,68.0049,129.489,59.3628,20.0,0.64
9,,10.0,1222.83,413.024,1153.0,340.05,1071.15,302.08,1017.53,265.055,964.12,239.925,911.147,216.113,860.342,196.949,817.549,181.74,775.696,167.406,736.613,155.685,700.508,144.53,665.947,131.981,633.106,121.699,604.694,111.472,578.377,102.365,554.22,94.3979,532.825,87.1208,512.93,81.7865,494.644,77.514,477.697,74.8886,461.149,73.8815,444.153,74.2666,427.024,76.6613,408.482,80.5174,389.332,83.6242,368.183,88.3201,345.184,92.7626,321.047,95.7193,294.891,97.4834,268.736,97.5384,242.581,96.0564,217.605,91.6759,193.343,85.6677,171.791,78.9782,152.927,71.6667,135.259,62.8803,20.0,0.61
10,,11.0,1315.86,441.911,1240.47,364.148,1154.06,324.932,1094.37,284.439,1041.01,259.067,981.484,233.464,934.92,214.556,885.869,198.383,837.863,182.923,792.713,169.143,752.368,157.198,716.149,144.192,680.991,133.085,650.49,122.087,622.743,112.619,597.796,103.875,574.168,96.7785,552.92,90.8213,533.294,85.8262,514.241,82.8558,495.814,81.5534,477.354,82.7872,458.051,84.8435,437.958,87.9259,415.83,92.1775,392.651,96.6097,367.294,100.661,339.874,104.019,311.444,105.587,283.275,104.822,254.099,102.232,227.393,98.0292,201.583,91.2006,178.574,83.4811,158.397,76.4529,139.494,71.3658,20.0,0.61
11,,31.0,1793.04,496.661,1689.97,450.363,1613.19,387.669,1510.32,353.267,1426.14,319.255,1366.04,295.849,1296.72,273.043,1231.64,250.701,1171.42,231.295,1115.75,215.942,1069.81,202.429,1022.61,186.929,980.008,174.361,941.413,162.451,905.678,151.99,871.796,143.093,839.862,137.414,809.596,133.716,779.496,132.839,749.017,135.288,717.292,139.914,681.808,147.194,643.859,155.346,601.759,163.136,557.102,169.123,510.27,171.817,462.675,171.442,415.909,166.616,370.593,159.368,328.8,149.167,290.454,136.83,256.878,124.701,227.165,112.563,200.724,101.684,178.355,91.1612,157.512,83.127,20.0,0.54
12,,41.0,2028.11,550.04,1888.07,478.564,1795.08,444.868,1677.47,387.408,1594.9,350.71,1510.24,327.48,1443.1,305.63,1369.66,284.741,1299.37,263.814,1235.33,242.17,1175.84,226.786,1125.03,209.14,1076.37,195.1,1032.45,182.86,991.302,170.91,954.193,161.966,918.563,156.241,884.205,152.872,850.65,152.98,816.103,156.542,779.125,163.018,739.555,171.573,694.682,180.101,646.407,188.755,593.372,193.46,539.876,194.043,486.319,191.08,435.136,183.735,386.354,172.702,342.348,160.393,302.205,146.082,266.397,131.578,235.471,118.701,208.264,106.992,185.024,95.6517,162.682,87.2188,20.0,0.53
13,,51.0,2206.06,602.946,2105.61,540.437,1995.42,466.553,1887.41,435.389,1789.46,402.069,1704.29,370.393,1625.01,344.782,1537.24,317.945,1454.61,295.398,1381.82,277.362,1319.25,256.255,1258.42,239.899,1204.98,222.288,1154.31,207.242,1108.2,194.737,1065.11,185.1,1024.53,179.033,984.761,175.543,945.0,175.621,904.15,180.449,861.638,187.445,814.286,197.174,762.752,206.68,706.043,214.364,646.984,218.615,585.88,217.956,525.954,212.986,468.463,203.16,415.92,190.614,366.976,175.245,323.93,159.605,285.898,143.861,252.332,129.032,222.888,115.747,197.586,103.804,173.796,90.8005,20.0,0.53
14,,61.0,2501.63,646.723,2347.11,595.119,2242.77,523.692,2096.38,483.065,1976.47,441.005,1888.06,414.014,1802.33,388.197,1704.86,358.888,1611.96,331.447,1527.01,307.006,1456.47,288.436,1390.09,265.801,1330.44,249.084,1276.49,233.053,1224.56,220.064,1175.7,210.031,1129.41,202.827,1084.68,200.294,1039.53,201.869,992.973,206.71,943.147,214.811,888.695,224.844,828.738,235.033,764.468,241.659,697.281,244.752,629.992,242.15,563.508,234.64,501.346,221.473,443.602,205.674,392.007,188.881,346.403,171.205,305.921,154.39,270.238,138.563,238.897,124.355,210.659,111.747,187.622,104.643,20.0,0.53
15,,71.0,2698.62,691.56,2553.59,646.911,2421.78,552.19,2272.27,517.381,2161.17,481.956,2048.06,447.742,1950.58,419.197,1851.35,389.567,1751.27,361.695,1658.1,335.033,1575.84,314.707,1504.43,291.588,1435.18,272.131,1374.65,254.741,1318.09,240.884,1265.97,230.578,1216.0,223.259,1166.11,220.457,1116.5,221.791,1065.41,227.798,1010.44,236.969,950.425,247.85,884.288,258.16,813.609,265.334,739.534,267.251,665.811,263.95,595.587,254.14,527.999,239.328,466.193,221.769,411.269,202.166,362.716,182.896,319.54,164.468,282.45,147.154,249.25,131.889,219.095,118.434,197.86,105.018,20.0,0.52
16,,81.0,2899.26,753.065,2769.6,676.18,2602.55,591.988,2466.59,558.987,2333.62,520.612,2210.99,482.993,2092.01,449.731,1993.27,419.832,1895.05,392.72,1797.23,365.286,1705.81,342.41,1624.48,319.574,1546.86,296.404,1476.86,277.881,1411.05,263.232,1350.99,251.439,1293.29,244.096,1237.98,240.977,1182.22,242.455,1124.68,248.508,1063.48,257.579,998.037,268.153,926.862,278.628,850.783,285.124,771.947,286.121,693.927,281.46,618.157,269.318,548.53,253.364,484.441,233.751,427.546,212.434,376.757,192.195,332.33,172.859,294.103,155.038,259.503,139.789,227.311,125.007,205.868,113.69,20.0,0.51
0,,1.0,47839.1,50413.4,45213.5,43013.3,39297.8,37037.6,37154.7,32157.7,36408.7,28221.1,34994.0,24346.6,33725.3,20594.7,32524.8,17238.6,31078.3,14133.8,29290.6,11443.0,27660.6,9325.88,26165.5,7759.32,24936.1,6703.8,23776.3,5961.99,22702.1,5510.95,21634.0,5330.56,20524.5,5361.49,19311.0,5564.21,17932.9,5861.18,16371.9,6165.69,14653.3,6382.73,12838.1,6437.68,11017.4,6299.64,9277.8,5978.66,7693.32,5518.19,6296.73,4973.72,5093.87,4396.72,4075.66,3827.94,3219.17,3286.67,2506.89,2785.31,1921.36,2324.24,1451.91,1909.94,1083.02,1541.08,800.732,1223.91,590.966,958.268,839.417,480.097,20.0,0.73
1,,2.0,4508.07,756.133,4318.28,734.437,4176.67,677.652,3975.88,645.17,3829.57,614.98,3665.2,590.106,3536.09,570.411,3413.34,550.492,3276.12,529.186,3136.62,507.022,3002.63,494.328,2880.0,474.881,2759.75,460.922,2643.93,447.745,2534.58,435.184,2430.87,425.012,2328.47,417.138,2228.98,411.984,2130.12,409.857,2031.32,410.239,1932.16,411.279,1831.39,414.823,1728.93,418.933,1624.88,425.196,1519.84,432.366,1411.83,441.022,1299.08,449.398,1183.1,457.416,1062.72,462.187,939.199,461.9,813.55,454.216,689.868,437.951,571.888,411.759,462.284,377.586,365.056,334.295,287.132,290.121,20.0,0.73
2,,3.0,1244.03,397.028,1148.12,353.669,1089.11,328.436,1002.77,290.305,933.333,262.77,878.446,245.917,822.718,228.809,769.302,212.503,719.233,197.095,673.45,181.581,628.989,170.208,591.414,157.722,553.252,146.652,518.431,136.104,487.286,125.785,457.437,116.088,430.493,107.242,405.041,98.8253,382.04,91.2032,360.46,84.4338,340.738,77.7248,322.547,72.2239,305.329,67.3574,289.744,63.2298,275.528,59.5818,261.545,56.9722,248.289,55.2722,235.89,54.0391,222.907,53.8501,210.313,54.3204,197.197,55.2456,183.441,56.9449,169.317,58.6335,153.143,60.6886,136.508,61.4066,116.812,59.2133,20.0,0.68
3,,4.0,787.251,276.575,738.906,252.153,681.844,212.724,633.487,193.967,589.479,176.314,553.394,159.445,516.101,144.826,484.45,132.62,454.161,122.299,425.793,113.341,400.933,104.014,375.593,95.7197,353.442,88.1318,332.643,80.9828,313.208,74.1032,295.941,68.1197,280.345,62.0309,266.337,56.8011,253.335,51.7942,241.53,48.1873,230.915,44.4932,220.325,41.6318,211.913,39.6279,202.243,37.7836,194.204,36.9634,185.831,36.1803,177.391,36.8581,168.673,36.9926,159.68,37.6629,150.56,39.3372,140.466,40.3142,129.673,41.6647,117.613,42.3519,106.399,42.4091,94.5485,41.1411,81.2849,38.6938,20.0,0.66
4,,5.0,774.809,274.759,735.39,240.704,682.899,206.137,635.274,188.537,591.778,169.667,557.286,153.177,524.542,139.889,490.229,127.088,458.528,117.1,430.487,108.332,406.025,99.8052,382.077,91.9918,361.057,84.4673,341.842,77.6101,324.726,71.2663,308.609,64.6881,294.111,58.8836,281.369,54.0529,269.511,49.9503,258.839,45.433,249.275,43.2666,239.802,41.1783,231.52,39.4828,222.297,38.9559,213.615,38.4557,204.461,39.1371,195.514,40.3286,185.387,42.0118,174.582,44.0983,163.222,46.3817,150.841,47.7841,137.401,48.9173,124.324,48.9614,110.61,47.7974,96.9754,44.96,84.8526,40.6677,20.0,0.69
5,,6.0,846.758,297.791,787.918,245.281,728.404,223.99,683.889,194.835,640.384,175.315,603.446,159.507,566.338,146.055,530.069,134.707,498.483,124.376,470.753,115.274,445.257,105.837,420.748,97.9243,398.756,89.5287,378.657,81.7403,360.199,74.458,343.496,67.1059,328.029,61.2008,314.467,55.6888,301.394,51.2268,290.729,47.5731,279.888,44.5799,269.927,42.7678,260.281,42.389,250.401,42.2726,241.016,43.2127,230.623,44.2575,219.876,46.4778,208.265,49.2164,195.211,51.8272,181.253,54.5387,166.022,55.943,150.135,56.892,134.937,55.3523,119.241,53.8132,104.573,49.7515,91.6521,45.4226,20.0,0.63
6,,7.0,942.548,312.337,879.91,286.234,828.358,239.346,767.885,216.741,720.837,196.094,676.553,178.12,640.696,164.484,605.269,151.103,569.177,138.552,536.071,126.778,504.759,117.079,477.504,108.224,451.906,98.073,429.137,89.3013,408.983,81.2549,390.964,73.9853,374.507,67.3264,360.088,61.6177,346.971,56.437,334.859,53.223,323.3,50.3609,312.044,48.8417,301.599,48.5516,290.988,49.2361,279.446,50.9626,267.396,53.8994,253.917,57.0252,239.111,59.5615,222.964,63.0728,206.377,65.701,188.225,67.1634,169.353,66.8632,150.453,64.8362,132.954,61.5308,116.048,56.8426,102.371,49.4271,20.0,0.62
7,,8.0,1043.48,343.806,964.126,292.719,907.683,272.455,843.544,232.433,792.584,208.215,749.357,191.486,701.742,174.471,662.663,162.046,627.262,150.074,594.768,138.678,563.405,127.448,533.497,115.426,506.783,106.128,481.529,96.9267,459.358,88.1941,438.913,79.7314,420.99,72.7267,404.938,66.6245,390.077,61.7274,376.033,58.014,363.336,56.2987,351.141,54.6073,338.66,55.1478,326.153,56.3982,312.566,58.9776,297.435,61.9483,282.244,65.7577,264.921,69.9701,246.402,72.4249,226.268,75.3023,205.557,76.4393,184.541,75.4679,163.691,72.5574,145.192,68.2787,126.283,62.3298,110.731,57.961,20.0,0.62
8,,9.0,1134.11,360.922,1046.04,325.807,994.526,281.02,922.611,249.49,867.346,224.258,817.224,206.041,769.604,188.9,732.002,174.796,693.756,161.32,657.048,147.91,621.422,135.48,587.942,124.245,559.408,113.629,532.474,103.479,508.352,94.0343,486.868,85.9402,467.25,78.5287,449.754,72.025,433.919,67.147,419.724,63.8456,405.822,61.9003,391.855,61.5709,377.684,62.2222,363.911,64.9782,348.354,67.8292,331.665,72.2855,312.746,76.7591,292.67,80.9839,270.461,84.213,247.5,86.4461,223.34,86.929,200.05,84.91,177.696,80.6378,156.819,75.4595,137.61,69.1038,118.391,61.3251,20.0,0.61
9,,10.0,1179.78,378.727,1110.18,345.095,1042.82,287.808,971.911,261.437,915.266,236.673,865.042,215.604,822.029,198.018,775.636,181.671,731.613,166.632,690.403,151.965,653.172,140.852,620.661,129.118,591.107,117.481,564.462,106.856,540.618,97.8416,519.086,89.3905,499.647,82.2633,482.418,76.2369,465.422,71.6553,450.985,68.8081,436.106,67.5437,421.673,67.7924,406.566,69.2518,390.082,72.7308,372.859,76.2203,353.338,81.0414,332.073,85.8555,309.038,89.6313,284.556,92.6653,258.466,93.3914,233.177,92.7306,207.8,90.3427,183.815,84.9008,162.144,78.5064,142.504,71.4602,126.172,63.379,20.0,0.59
10,,11.0,1289.59,418.584,1219.99,376.293,1138.58,315.021,1064.38,287.104,999.147,260.637,946.352,237.608,896.053,218.903,843.431,199.826,795.298,183.86,750.917,168.623,710.749,156.245,676.026,144.154,642.385,130.689,612.646,119.415,585.665,109.316,561.086,99.5133,539.103,92.0279,518.761,85.1519,500.033,79.6442,482.799,76.7006,466.513,74.7092,449.385,74.7052,432.405,76.1491,414.398,79.3988,394.403,82.9283,372.791,87.164,350.507,92.1355,325.465,95.6971,299.119,98.8016,271.589,99.3231,244.119,97.8744,217.866,94.9294,192.416,89.8233,169.504,83.9169,149.602,76.1524,130.006,67.777,20.0,0.64
11,,21.0,1543.95,459.41,1468.3,409.232,1363.1,348.375,1289.8,316.747,1216.89,289.415,1152.22,262.359,1090.05,239.699,1036.37,221.399,984.768,203.837,936.113,190.093,892.109,173.401,849.146,160.302,811.741,147.049,777.336,134.501,745.893,124.22,717.28,115.091,692.087,108.283,667.361,103.698,644.801,101.004,622.46,100.723,599.286,103.706,574.696,108.653,548.852,115.098,519.492,122.218,487.485,129.5,452.604,135.261,415.18,138.63,377.041,139.17,338.344,136.839,301.434,131.301,266.668,123.243,235.51,114.356,207.88,104.392,182.932,95.0337,160.235,85.3475,140.277,77.9485,20.0,0.59
12,,31.0,1764.06,498.189,1644.85,429.763,1561.36,403.954,1465.92,350.892,1387.63,318.102,1323.49,296.016,1253.9,274.2,1188.11,254.715,1129.86,235.516,1075.82,215.223,1026.41,201.635,980.995,183.759,939.536,171.013,901.688,157.268,867.273,145.808,834.632,136.882,804.945,129.778,776.299,124.869,749.042,123.619,720.836,124.757,691.739,129.413,660.386,135.498,625.781,143.782,588.135,152.079,545.926,159.814,501.213,164.135,455.063,166.02,409.443,163.867,365.028,157.774,322.462,149.037,283.598,137.667,249.761,126.191,219.361,114.586,192.449,103.363,168.885,93.0184,144.063,82.7649,20.0,0.52
13,,41.0,1990.57,555.379,1846.25,470.157,1744.3,441.375,1638.53,383.304,1551.83,350.601,1467.95,324.226,1397.64,303.377,1326.24,283.992,1257.27,263.561,1194.61,241.758,1134.53,224.913,1083.76,205.813,1035.23,190.718,991.971,176.354,952.438,164.834,916.283,155.078,882.688,148.19,851.049,144.199,819.681,143.237,788.078,145.642,754.025,151.301,717.642,158.865,677.27,167.795,632.155,176.36,583.675,182.022,532.503,185.786,481.264,183.983,431.383,179.084,383.573,169.753,339.076,158.173,298.903,145.42,263.047,131.807,232.269,118.557,204.752,106.559,180.603,95.5433,159.497,87.9892,20.0,0.51
14,,51.0,2184.05,590.824,2069.92,533.738,1952.49,460.333,1836.02,429.038,1740.11,395.788,1649.9,363.322,1573.75,337.706,1492.59,311.791,1412.52,289.139,1340.99,270.697,1278.16,249.733,1218.56,232.583,1165.83,214.765,1116.3,199.393,1072.49,186.382,1031.35,176.539,993.011,168.937,955.204,164.6,918.824,164.327,881.716,167.463,842.823,173.664,799.568,181.92,753.232,191.051,702.232,199.097,646.54,205.033,590.041,205.728,533.808,202.808,478.59,195.038,427.569,183.867,380.654,170.036,337.767,155.69,300.38,141.113,267.49,127.303,237.78,113.982,212.5,103.191,188.907,95.9171,20.0,0.5
15,,61.0,2439.4,627.006,2288.32,586.515,2180.85,509.651,2041.8,468.611,1934.76,430.502,1840.14,403.564,1743.43,375.923,1663.51,349.824,1583.77,324.809,1503.29,300.804,1431.57,281.46,1363.8,257.35,1302.4,240.064,1246.66,223.305,1194.22,209.18,1146.05,197.918,1101.17,189.804,1057.61,185.829,1016.15,185.361,973.139,188.76,928.353,195.589,879.079,204.509,824.91,214.2,767.472,222.508,706.747,227.577,644.649,227.899,581.921,223.404,522.054,213.863,465.976,200.898,415.0,185.61,370.23,169.803,330.051,153.937,294.728,138.539,262.301,125.13,233.316,112.983,211.97,100.069,20.0,0.36
16,,71.0,2915.42,704.094,2733.16,614.827,2610.15,578.766,2459.59,511.704,2350.59,471.447,2229.2,441.333,2126.68,413.896,2038.94,390.433,1949.49,364.674,1861.46,335.729,1775.32,314.029,1702.35,290.06,1631.51,270.461,1567.7,254.116,1507.71,239.138,1453.01,228.316,1400.18,220.23,1350.82,217.16,1301.48,217.905,1251.51,223.001,1198.36,231.857,1140.78,243.626,1078.62,256.504,1009.35,267.509,936.543,274.192,860.723,275.433,786.75,271.237,714.239,261.43,646.384,247.99,584.22,232.51,527.492,216.205,475.879,200.106,428.41,185.207,384.83,171.852,344.097,159.52,308.894,147.498,20.0,0.34
17,,81.0,3052.83,656.353,2901.62,620.676,2785.5,540.442,2633.51,502.606,2507.61,463.518,2417.3,438.725,2313.3,412.551,2211.44,386.516,2120.05,363.488,2035.72,339.675,1955.57,319.505,1881.63,300.779,1813.01,280.661,1748.18,265.218,1686.84,251.062,1629.93,240.86,1575.48,233.318,1522.78,230.916,1470.05,233.605,1415.01,240.672,1357.37,252.848,1294.02,267.797,1223.31,283.49,1146.02,297.623,1063.24,307.193,977.03,310.882,890.452,308.217,807.54,299.148,729.311,285.439,656.786,268.535,589.856,250.573,528.929,232.857,474.249,216.015,423.113,200.252,373.503,186.285,332.843,175.084,20.0,0.36
0,,1.0,52484.4,50608.8,43048.2,43504.8,41057.7,39614.4,38316.2,35761.4,35661.1,30749.0,33883.3,26712.1,32571.6,22860.5,31418.5,19354.0,30266.5,16242.2,28965.3,13450.2,27089.5,11008.3,25571.1,9045.61,24207.6,7505.23,23077.3,6443.41,22064.6,5741.48,21093.0,5326.33,20115.3,5164.07,19061.3,5214.03,17879.7,5409.75,16545.9,5678.97,15045.2,5934.76,13408.2,6098.18,11701.5,6121.14,9988.98,5978.53,8348.64,5676.75,6837.15,5248.26,5490.86,4730.79,4328.33,4163.52,3349.65,3582.56,2548.28,3019.02,1906.87,2492.94,1407.68,2017.94,1028.81,1600.66,750.356,1249.25,550.535,962.099,63.3383,363.751,50.0,0.71
1,,2.0,6139.23,825.648,5906.41,843.881,5714.29,782.711,5486.87,766.933,5275.52,729.93,5128.87,704.079,4934.93,669.959,4769.03,636.598,4623.4,609.855,4478.7,590.084,4348.74,576.717,4209.21,556.063,4074.65,544.485,3943.32,530.689,3814.75,524.891,3690.43,522.076,3564.3,526.145,3438.23,538.714,3306.6,559.684,3168.43,588.324,3020.76,622.482,2859.78,660.211,2688.02,699.522,2501.96,738.006,2304.75,771.552,2095.36,798.498,1876.88,816.515,1653.09,820.359,1426.9,808.317,1205.8,779.326,995.182,730.8,803.429,667.36,634.949,592.264,491.812,511.691,376.361,431.225,278.154,359.482,50.0,0.65
2,,3.0,2524.74,691.989,2345.55,630.897,2241.16,561.798,2086.11,508.557,1963.72,468.363,1863.91,444.278,1761.67,420.303,1661.06,394.677,1564.43,370.104,1471.52,351.167,1392.57,333.863,1310.84,316.423,1236.29,296.487,1166.49,279.154,1100.6,261.718,1038.55,245.271,980.492,228.358,926.852,212.664,877.12,199.375,830.892,186.382,788.235,175.465,748.172,166.464,709.656,159.579,672.782,154.813,637.112,151.864,601.203,151.971,564.959,154.292,527.094,157.749,487.428,162.716,445.206,166.893,399.324,171.287,351.054,171.226,302.735,168.336,255.494,160.754,212.192,148.656,169.929,136.209,50.0,0.62
3,,4.0,1043.42,343.757,977.198,313.493,919.804,270.236,848.304,248.859,789.081,225.406,740.551,207.615,696.449,192.316,652.633,176.694,608.888,163.394,567.922,152.944,532.208,143.761,497.079,132.557,465.617,124.435,436.32,114.99,409.729,107.118,384.599,98.6357,362.002,90.8462,341.592,83.4441,322.62,76.1734,304.949,70.4178,289.283,65.189,274.774,60.6469,261.084,56.1531,247.916,53.4626,236.089,51.6815,223.696,49.8759,212.173,49.5768,200.601,49.2338,188.563,49.8516,176.527,50.94,162.473,51.988,148.935,52.0289,134.639,52.5088,120.277,51.388,106.16,49.3199,94.1661,45.5279,50.0,0.6
4,,5.0,1019.62,341.712,941.656,284.809,869.419,264.35,811.374,231.788,760.182,211.48,708.517,194.079,661.656,180.455,620.402,169.781,581.856,158.829,545.19,147.574,507.975,138.525,475.072,127.658,443.818,118.976,415.247,109.746,388.931,100.299,364.97,91.839,343.393,82.9716,324.081,76.0205,307.495,69.1365,291.672,63.1886,277.551,58.2149,263.996,54.5539,252.845,51.4218,241.34,48.7122,230.108,47.7137,219.175,46.6395,208.214,47.2546,196.98,47.9995,185.373,49.1251,173.008,50.5952,159.827,51.3971,145.585,52.1095,131.493,51.8324,116.924,50.0504,103.107,47.3658,89.0292,43.1799,50.0,0.59
5,,6.0,1189.75,368.906,1097.29,328.569,1038.77,306.193,958.114,271.239,896.958,247.851,838.308,230.333,783.978,216.027,737.569,203.078,691.911,189.578,645.095,176.487,602.045,167.091,560.686,153.766,523.257,142.541,487.896,130.787,456.721,119.182,428.936,108.719,403.884,98.0134,381.634,89.6736,361.928,81.2352,343.706,74.6476,327.15,68.8348,312.173,64.2634,298.091,60.7773,284.735,58.6058,271.414,57.4193,258.779,57.0091,244.714,57.4649,231.149,58.7399,216.304,60.2155,201.321,61.0901,184.78,62.2869,168.002,62.1597,150.794,60.9862,134.202,58.9263,119.063,55.168,105.92,49.9794,50.0,0.57
6,,7.0,1321.18,423.14,1231.26,356.818,1145.25,335.38,1073.29,299.212,1006.58,276.85,940.4,257.478,876.654,241.238,820.489,228.447,766.038,216.458,715.242,203.977,665.54,188.602,617.682,175.476,574.757,160.856,536.528,147.194,501.826,133.786,470.289,120.692,442.783,109.361,418.145,98.769,396.164,89.3063,376.275,82.0368,357.61,75.8226,340.748,70.9269,325.665,67.4118,310.221,64.8719,295.27,64.2503,280.228,63.7692,265.226,64.2144,249.195,65.1511,233.453,66.9782,215.946,67.5106,198.613,68.0664,180.239,67.0381,162.683,65.4003,144.788,62.2609,127.794,57.9814,114.93,51.5897,50.0,0.57
7,,8.0,1464.99,467.245,1374.93,398.168,1266.75,367.181,1189.24,332.715,1111.41,309.779,1041.5,287.964,973.279,270.665,904.287,256.417,841.023,241.395,785.068,225.9,728.475,210.101,680.513,194.099,633.389,178.351,591.83,162.539,553.912,147.612,520.395,133.186,490.059,120.454,463.278,108.528,439.47,98.8972,417.908,91.0059,397.547,84.1861,379.249,78.9794,361.751,75.4545,344.2,73.8752,327.044,72.547,310.497,72.1669,292.102,72.953,274.706,74.244,255.149,74.838,235.24,75.7438,215.055,75.3986,194.183,74.0653,174.186,71.1385,155.215,67.7367,138.521,63.1084,124.915,59.5851,50.0,0.55
8,,9.0,1557.88,486.435,1476.21,440.862,1357.9,387.527,1274.5,360.593,1189.3,336.965,1116.47,314.167,1038.12,293.141,963.393,274.62,896.159,258.97,836.075,244.937,778.737,225.461,724.005,208.884,673.788,190.543,628.248,173.414,587.424,156.362,551.271,141.379,519.483,127.69,490.282,115.24,464.804,105.071,441.972,96.3541,420.279,89.9974,400.741,84.5118,381.639,81.1155,362.555,78.7965,343.895,78.0604,324.325,77.6863,305.575,78.8702,285.83,79.3334,264.989,80.1345,243.853,80.0177,222.829,79.1922,201.739,77.4945,181.816,74.426,162.733,69.9698,145.461,65.4108,127.481,58.241,50.0,0.55
9,,10.0,1630.25,495.794,1498.83,443.703,1418.34,412.422,1311.14,369.028,1224.92,341.252,1148.15,323.291,1070.95,305.365,996.305,288.384,925.611,270.429,861.447,252.025,800.382,232.022,742.803,213.694,693.904,195.169,648.706,177.562,608.409,160.23,572.061,145.138,539.779,130.625,511.32,118.669,484.689,108.247,460.959,99.7552,439.037,93.1762,418.647,88.3404,399.199,85.0296,378.998,83.7006,359.46,82.8253,339.595,83.2379,319.001,83.7374,298.031,84.3143,275.422,85.3563,252.707,85.1401,230.455,83.2882,207.89,80.9494,186.626,76.6517,166.18,72.3692,148.748,66.4227,133.218,59.0559,50.0,0.54
10,,11.0,2783.09,859.372,2607.95,748.688,2411.79,712.39,2254.77,651.486,2098.75,616.344,1953.99,583.159,1811.37,552.996,1667.11,524.108,1533.69,494.371,1409.65,467.11,1301.58,437.023,1196.96,400.02,1099.71,370.824,1012.37,337.739,933.792,304.738,863.977,274.882,801.654,246.624,747.077,220.754,698.032,198.633,654.515,179.016,615.431,162.229,580.179,149.639,547.53,139.054,516.764,132.28,486.989,127.068,457.331,124.195,427.872,123.617,397.847,123.045,365.778,122.903,334.237,123.043,302.055,121.674,269.693,118.788,238.253,115.006,207.467,109.129,178.584,101.542,148.856,86.6376,50.0,0.54
11,,21.0,1907.04,561.194,1802.79,497.634,1665.26,458.903,1569.16,420.282,1470.86,394.621,1384.87,369.045,1292.3,345.676,1209.43,327.49,1132.53,309.798,1060.75,290.622,989.991,266.944,925.824,247.972,866.92,226.626,812.883,207.709,764.949,189.346,722.003,172.641,682.297,158.246,646.713,145.819,613.767,135.892,583.626,127.98,555.128,123.033,526.92,120.231,499.442,118.591,471.401,119.234,441.619,120.689,410.698,122.496,378.543,122.581,346.216,122.182,312.999,120.031,281.313,116.045,250.946,109.441,223.005,101.573,197.827,93.8898,176.124,85.2728,155.954,77.3113,133.686,69.3635,50.0,0.49
12,,31.0,2172.7,627.438,2048.56,569.578,1903.59,509.043,1780.56,485.238,1666.47,458.613,1555.09,427.366,1456.24,402.358,1355.23,377.176,1257.35,354.142,1170.76,331.8,1089.69,303.88,1017.49,280.811,949.726,255.156,890.129,232.094,836.699,211.966,789.744,193.164,746.612,177.214,707.624,163.923,670.937,153.595,637.882,145.421,605.36,140.709,574.079,137.943,542.281,137.269,509.051,138.371,475.139,140.254,438.704,141.205,401.433,140.695,363.632,138.577,326.172,134.66,290.495,127.462,257.671,119.032,227.611,109.437,201.388,99.012,177.928,89.9353,157.565,80.2428,137.338,75.2004,50.0,0.46
13,,41.0,2557.93,695.841,2382.67,674.748,2254.2,602.548,2076.45,574.946,1933.27,542.202,1798.79,512.449,1675.66,482.257,1566.32,450.775,1455.72,417.358,1348.56,384.859,1256.42,355.739,1169.14,320.852,1093.41,292.873,1025.77,265.566,964.642,241.405,910.563,220.047,862.397,202.722,817.06,188.846,776.222,177.753,736.896,170.572,698.639,165.871,660.465,165.083,621.962,165.594,580.935,168.248,538.596,170.779,494.171,171.832,448.519,171.132,402.515,167.202,357.385,160.513,315.96,150.671,276.606,139.236,242.587,126.457,212.391,113.867,185.824,102.031,163.985,89.8459,144.458,84.3646,50.0,0.45
14,,51.0,2729.54,738.493,2521.26,700.258,2390.09,652.863,2199.56,607.949,2044.56,569.552,1908.8,544.082,1773.46,511.74,1655.72,479.816,1544.41,444.51,1436.3,406.222,1338.48,376.467,1252.75,339.264,1171.57,309.216,1101.13,281.175,1036.97,255.588,979.078,233.966,926.814,215.722,878.603,200.908,834.078,190.864,791.483,183.35,750.451,179.454,707.89,179.212,665.31,180.634,620.341,183.424,572.922,186.669,523.557,187.661,473.079,186.302,422.61,181.42,374.82,173.621,329.333,162.823,287.763,149.941,250.845,135.285,218.596,121.23,191.338,107.624,167.535,95.5597,142.126,82.6616,50.0,0.45
15,,61.0,2859.48,769.565,2660.81,729.08,2525.68,700.414,2323.99,646.971,2166.38,607.504,2010.19,575.55,1875.86,543.58,1753.64,508.503,1629.9,467.263,1509.93,426.471,1407.83,393.624,1312.34,355.045,1231.17,323.347,1156.92,292.587,1090.83,265.772,1031.62,243.646,977.427,224.855,927.74,210.598,881.572,200.142,837.181,193.951,793.376,190.726,749.249,191.187,704.361,193.543,655.616,197.362,604.542,200.529,551.503,201.984,497.182,200.588,442.772,195.296,390.688,186.198,342.263,173.679,297.85,159.349,259.058,143.731,224.667,127.879,195.095,113.547,170.688,100.21,147.87,83.0142,50.0,0.43
16,,71.0,3038.15,813.869,2802.58,775.836,2651.17,725.546,2431.09,676.193,2262.01,634.14,2099.73,600.526,1960.17,565.876,1828.52,527.752,1698.93,484.397,1576.14,440.188,1468.61,406.766,1374.29,365.019,1288.82,332.808,1214.49,302.831,1145.55,276.263,1084.71,253.6,1029.07,235.118,977.766,221.009,929.059,210.705,882.2,205.069,835.852,202.257,788.747,203.447,740.526,206.792,688.153,210.632,633.075,214.267,576.818,216.025,518.005,213.508,460.824,207.589,405.017,196.755,354.017,183.114,307.78,167.221,266.523,150.688,231.423,133.704,201.274,118.502,174.327,104.739,148.129,87.9745,50.0,0.42
17,,81.0,3129.45,873.361,2974.19,813.434,2741.74,745.622,2557.77,714.933,2377.53,676.648,2216.53,629.017,2065.73,585.623,1913.77,541.648,1774.76,500.469,1655.16,463.189,1548.74,418.963,1452.74,384.26,1366.57,347.133,1289.28,316.743,1219.61,289.312,1155.59,266.792,1097.65,248.106,1042.83,233.71,990.865,223.68,941.145,218.048,890.799,216.665,839.82,218.122,786.022,221.669,728.91,226.753,670.13,230.374,607.694,231.889,544.687,228.895,482.271,221.816,423.133,209.988,368.012,194.98,319.299,177.631,276.432,159.506,238.396,141.551,205.808,124.238,179.291,109.261,157.201,90.0097,50.0,0.41
0,,1.0,52117.7,54133.4,44257.3,43822.9,39373.6,38120.4,37807.5,34701.6,35470.5,30058.3,34091.0,25973.6,32960.5,22253.2,31769.7,18825.9,30636.0,15843.1,29146.7,13154.6,27448.5,10624.2,25865.9,8712.9,24608.6,7302.05,23495.5,6275.28,22487.7,5622.47,21525.1,5253.72,20545.2,5135.55,19484.9,5224.74,18278.6,5456.61,16908.9,5754.66,15360.8,6032.12,13679.8,6218.72,11921.5,6261.83,10151.7,6129.85,8454.85,5831.94,6890.1,5393.05,5496.29,4849.44,4299.8,4251.41,3305.13,3640.29,2497.99,3048.05,1859.98,2500.39,1368.55,2011.57,999.314,1591.15,728.354,1240.65,532.02,952.936,864.637,509.329,50.0,0.74
1,,2.0,7040.79,1045.5,6889.87,1042.33,6616.51,946.961,6357.2,918.706,6111.84,866.837,5928.9,815.948,5705.92,764.263,5513.16,718.252,5344.66,684.39,5191.56,661.947,5059.52,638.471,4917.93,621.945,4776.16,607.725,4634.95,598.04,4495.65,597.543,4355.7,605.457,4212.74,622.491,4065.21,652.591,3907.64,693.234,3734.31,742.262,3543.57,797.579,3333.0,854.316,3104.44,908.124,2856.84,954.797,2594.33,990.177,2319.74,1011.5,2040.19,1012.56,1760.52,994.607,1489.44,954.166,1233.8,893.005,1000.13,815.405,794.771,725.152,620.624,630.995,475.644,536.334,358.915,445.588,273.698,365.584,50.0,0.69
2,,3.0,2110.06,601.596,1965.94,558.515,1853.55,470.059,1731.97,433.969,1630.68,399.99,1543.29,374.074,1459.24,350.609,1382.46,328.85,1305.11,309.481,1227.32,294.415,1158.03,277.507,1088.58,262.198,1025.28,246.298,964.926,231.028,908.288,216.708,855.656,202.35,806.634,189.375,762.129,177.083,719.913,166.006,681.819,156.025,646.019,147.023,612.239,139.084,579.761,133.186,549.271,128.248,519.572,124.665,490.525,123.549,461.271,123.067,431.78,124.913,401.291,127.352,369.476,131.413,335.697,134.101,300.495,136.357,262.666,136.417,223.992,132.773,186.634,125.353,152.816,111.892,50.0,0.66
3,,4.0,885.172,303.804,836.849,261.271,770.267,232.212,721.191,210.821,672.257,191.361,631.684,173.69,591.241,159.139,551.714,146.829,517.191,136.62,486.455,126.989,456.531,117.262,430.938,109.224,404.046,101.14,380.583,94.1269,358.595,87.9575,338.356,81.1529,319.685,75.3737,301.536,70.3656,285.305,65.4944,270.013,60.9686,256.027,57.1919,242.528,54.0579,229.936,50.6896,217.941,48.1585,206.526,47.1324,195.301,44.7993,183.811,44.1625,173.974,43.5096,162.953,44.4774,151.534,44.4526,140.932,44.1424,128.655,45.3607,116.543,45.6329,103.928,45.5909,90.6874,44.5678,76.5787,42.6112,50.0,0.64
4,,5.0,938.881,293.867,867.5,265.328,821.664,241.561,755.876,214.079,708.425,193.427,664.141,178.643,625.01,165.172,590.607,153.39,554.517,141.689,519.264,131.227,487.48,123.88,457.691,114.161,430.315,106.818,404.836,99.6206,380.611,92.026,359.383,85.3754,339.199,78.7386,321.141,72.873,304.211,67.4859,289.146,62.0525,275.171,58.2222,261.872,54.5022,249.431,51.5896,238.049,49.4872,227.051,48.6669,216.029,47.96,204.601,48.2488,192.647,48.7576,181.204,49.5994,168.474,51.3118,155.151,52.059,140.757,52.6472,127.415,53.1109,112.252,52.1752,97.5382,50.4925,83.1793,44.9245,50.0,0.63
5,,6.0,1017.75,309.098,939.486,287.467,897.226,251.303,831.29,227.637,776.012,206.54,732.218,192.34,687.404,178.421,647.024,164.026,609.705,152.436,572.154,141.977,540.267,133.728,507.898,124.06,478.655,115.747,451.051,107.647,425.676,99.5592,402.13,91.9462,380.685,84.9813,361.133,78.9756,342.947,73.6192,326.36,68.7707,310.218,64.843,295.413,61.307,280.863,58.6174,267.723,56.9651,254.239,56.0704,240.843,55.2256,227.978,55.1677,214.069,55.5373,200.103,56.2296,186.142,57.4398,170.972,58.5819,155.365,58.733,138.997,58.3395,123.428,56.7745,108.209,54.1756,92.8959,50.5669,50.0,0.61
6,,7.0,1212.74,363.321,1123.04,337.846,1064.66,291.33,987.645,266.638,925.465,243.646,873.223,227.784,818.748,211.786,773.048,196.922,727.492,184.506,682.438,174.123,641.502,164.27,600.732,152.678,563.908,143.269,529.293,132.282,497.266,121.768,468.505,111.879,442.127,101.903,418.503,92.94,397.392,85.8048,378.378,79.0349,360.403,73.5139,343.537,69.6415,328.697,66.5969,313.555,64.5548,298.777,63.6317,283.769,64.1569,267.666,64.8849,251.969,66.5249,235.087,67.3776,217.197,68.3979,199.004,69.654,180.773,68.8162,161.562,67.6306,142.566,65.6799,125.481,61.9789,106.993,58.433,50.0,0.6
7,,8.0,1307.76,393.714,1233.57,368.18,1152.17,311.719,1075.06,289.521,1006.1,267.154,952.41,249.459,893.674,231.876,839.106,216.253,787.788,203.571,737.37,192.584,693.13,181.485,647.847,168.967,606.376,157.348,568.432,144.589,533.758,132.847,502.064,121.193,473.757,110.276,449.393,100.114,425.87,91.9085,405.504,84.864,386.743,79.7575,368.954,74.831,352.042,71.8248,336.105,70.9169,319.22,69.9592,302.551,70.0062,285.647,71.0655,267.949,72.0952,249.814,73.5577,230.367,73.6155,210.876,74.1753,191.89,74.1331,172.361,72.1062,153.181,68.9086,135.212,66.3869,117.494,59.822,50.0,0.59
8,,9.0,1422.84,429.649,1322.49,371.364,1241.37,353.9,1156.7,309.407,1085.96,284.609,1024.28,266.516,959.583,250.06,898.897,236.522,843.234,223.521,792.841,210.769,742.321,195.799,693.122,184.321,648.83,169.882,608.474,156.418,570.949,143.166,537.461,130.355,507.619,118.564,480.691,107.764,456.242,98.737,434.316,90.9694,414.0,85.2317,395.206,80.8086,376.751,77.6586,358.675,76.4284,340.414,75.7751,321.943,75.9736,303.038,77.1271,282.993,77.7045,263.543,78.9234,243.059,79.5269,221.954,78.9586,201.394,77.5016,180.993,76.0059,161.662,73.0901,141.418,68.6961,125.951,64.072,50.0,0.58
9,,10.0,1488.29,439.896,1389.64,406.542,1318.76,358.979,1219.41,330.551,1144.42,303.14,1076.19,285.314,1014.88,268.873,953.639,252.974,891.613,237.536,832.289,221.438,776.18,207.628,725.635,194.679,678.373,178.876,635.769,163.904,597.083,150.213,562.385,136.504,531.479,124.043,503.883,113.091,478.562,103.475,456.342,96.1067,435.382,90.0678,414.989,85.7907,396.051,82.6008,376.949,80.966,358.344,81.2049,338.109,81.6473,318.876,82.3842,296.955,83.2256,275.207,84.4424,253.393,83.7837,230.515,83.1803,208.578,81.3412,187.21,78.8853,166.274,74.9767,145.841,70.9248,128.185,68.1982,50.0,0.57
10,,11.0,2420.47,729.839,2277.41,627.73,2123.94,595.837,2000.31,539.423,1874.05,508.117,1758.7,480.902,1642.87,458.675,1525.25,438.655,1414.24,419.147,1312.04,401.44,1217.78,378.205,1122.92,351.814,1037.73,328.569,957.643,301.974,884.11,275.51,820.381,250.224,762.525,225.448,711.593,202.806,666.22,182.397,626.799,164.549,590.74,149.708,558.613,137.638,528.536,128.677,499.773,122.501,472.316,118.592,444.899,116.237,417.524,116.478,388.843,116.856,358.627,117.597,328.273,118.342,296.642,118.272,265.422,115.767,233.97,113.901,203.611,109.016,174.769,103.246,143.591,94.3878,50.0,0.56
11,,21.0,1827.79,506.569,1708.58,473.322,1633.4,426.081,1519.16,395.525,1429.38,367.932,1344.74,348.595,1267.61,330.174,1191.16,311.624,1112.97,293.072,1035.39,275.194,967.152,258.129,900.888,238.647,844.591,219.423,792.761,200.244,746.648,181.98,705.183,166.303,667.894,151.64,634.632,139.73,603.873,130.509,575.595,123.05,548.81,117.869,522.811,115.364,496.82,114.14,469.781,115.623,441.747,116.121,412.0,117.942,381.229,118.949,349.72,118.921,317.816,117.533,286.986,113.448,257.582,108.324,229.307,102.656,204.779,96.0107,180.081,89.2208,158.689,82.3902,134.614,74.6103,50.0,0.5
12,,31.0,2077.45,576.255,1923.03,502.993,1814.03,484.087,1688.32,433.291,1588.96,407.413,1486.21,388.053,1391.11,370.81,1304.29,356.592,1218.0,337.382,1134.19,313.581,1052.14,293.187,981.991,267.176,915.164,244.782,858.231,222.806,806.804,202.462,761.405,184.065,719.736,168.099,682.771,154.652,648.478,143.86,616.239,136.459,585.823,130.909,556.508,128.231,527.268,128.112,496.845,129.135,465.17,131.111,432.0,132.269,397.178,133.251,361.701,131.862,326.717,128.341,292.542,123.573,260.656,116.737,231.247,108.953,204.508,101.21,180.342,92.9167,157.459,85.0705,136.354,79.1833,50.0,0.46
13,,41.0,2337.29,607.714,2172.91,575.317,2076.66,533.337,1930.17,500.051,1808.1,471.605,1696.93,455.085,1581.4,432.202,1479.18,409.905,1381.96,384.151,1285.28,355.533,1197.78,332.754,1119.06,301.653,1045.64,275.239,981.516,250.108,923.672,227.07,872.241,206.531,826.222,189.729,784.552,175.417,744.946,164.759,708.986,157.471,673.186,152.798,638.061,151.796,602.236,152.222,564.525,155.034,525.723,158.009,484.302,160.665,441.399,161.246,398.163,158.116,355.247,153.864,314.992,146.195,276.933,136.768,242.337,126.072,212.174,115.35,184.466,104.788,160.178,93.4908,140.477,80.4856,50.0,0.44
14,,51.0,2452.71,644.733,2322.75,612.041,2175.93,546.852,2028.72,530.896,1898.99,504.999,1778.66,477.114,1667.73,451.259,1554.54,422.588,1443.12,395.257,1342.34,370.322,1253.69,338.513,1171.47,311.417,1098.86,281.977,1033.5,256.529,974.55,233.336,922.782,213.06,876.46,196.644,834.025,183.477,794.294,173.438,755.626,166.936,717.729,163.896,680.286,163.31,641.141,165.09,600.291,168.322,557.125,171.696,512.122,174.749,465.312,175.106,417.905,172.026,371.898,166.748,327.581,156.812,286.71,146.236,249.786,134.082,217.253,121.169,189.364,110.225,163.44,98.1836,140.148,89.9751,50.0,0.43
15,,61.0,2550.18,648.993,2375.77,619.855,2262.25,581.798,2089.41,545.95,1953.05,514.78,1830.69,492.064,1706.62,467.08,1600.4,438.576,1497.84,407.87,1396.42,374.455,1305.39,348.389,1222.99,314.369,1148.56,287.87,1082.75,261.838,1021.69,238.745,967.384,218.852,917.998,201.99,873.636,189.003,831.562,179.486,791.438,173.888,752.254,171.262,712.487,171.419,670.856,174.077,627.76,178.258,581.772,182.017,533.429,184.808,483.768,184.743,433.672,182.044,384.663,175.954,338.714,165.728,295.946,153.691,257.578,141.257,223.918,127.27,194.066,114.408,167.26,101.943,147.321,90.3221,50.0,0.42
16,,71.0,2663.02,680.618,2506.58,659.66,2363.01,591.658,2197.89,575.229,2052.05,544.758,1928.11,516.401,1796.48,484.151,1681.9,449.838,1572.36,417.447,1469.23,388.221,1381.51,357.004,1294.54,325.759,1220.06,296.874,1151.39,270.054,1090.64,246.494,1034.51,226.13,983.517,210.125,936.606,197.649,892.426,189.133,850.167,183.514,808.263,182.434,765.773,183.864,721.297,187.488,673.779,192.548,624.142,198.024,570.475,200.959,516.225,201.131,461.754,197.928,408.747,190.691,358.362,179.545,311.714,166.353,270.264,151.566,233.581,137.081,201.874,122.719,173.198,109.131,145.756,90.6295,50.0,0.41
17,,81.0,2752.52,721.249,2621.5,677.231,2435.5,615.138,2281.17,594.75,2131.82,565.13,1996.67,528.906,1860.23,493.003,1741.64,458.872,1629.86,427.268,1527.92,396.954,1435.08,360.682,1348.76,331.633,1271.78,300.645,1201.94,274.446,1139.93,250.91,1083.01,231.591,1030.6,215.914,982.187,204.121,936.401,195.982,892.304,191.273,848.386,190.777,804.007,193.592,757.025,198.127,706.875,204.194,653.721,210.274,597.3,213.809,538.812,214.208,481.217,210.334,424.197,202.26,371.52,189.869,322.127,176.412,278.15,160.011,240.268,143.776,206.514,128.122,177.349,113.464,155.829,98.2981,50.0,0.41
0,,1.0,46398.2,43698.9,37559.0,37470.0,38768.5,34946.5,36518.2,29592.8,34604.8,24332.8,33387.8,20479.6,32393.8,16935.3,31683.7,13974.6,30847.0,11468.0,29707.3,9349.24,28271.3,7725.76,27127.5,6546.28,26055.1,5673.1,25091.1,5139.01,24169.2,4861.67,23232.7,4820.23,22224.0,4978.07,21091.7,5290.73,19775.5,5689.08,18261.1,6095.25,16565.9,6426.54,14742.6,6617.64,12869.8,6632.85,11021.9,6468.14,9263.16,6138.89,7644.91,5686.8,6195.91,5149.21,4934.07,4564.18,3857.18,3959.53,2961.03,3364.49,2234.71,2802.83,1662.76,2290.53,1223.1,1836.57,892.293,1445.12,649.74,1120.76,240.786,1168.78,100.0,0.7
1,,2.0,5480.74,1291.79,5196.29,1129.32,4886.74,1076.6,4663.77,957.09,4448.94,884.078,4278.44,826.151,4064.54,767.929,3877.85,722.984,3718.72,677.607,3568.91,627.814,3421.9,593.684,3284.48,553.508,3155.68,525.15,3033.23,498.646,2915.12,477.61,2803.78,462.516,2694.67,454.289,2587.0,452.504,2477.43,457.004,2366.5,466.651,2249.02,479.192,2127.83,493.827,2000.21,508.603,1868.61,522.55,1733.67,535.532,1594.33,546.472,1450.61,555.9,1304.16,560.662,1153.51,558.716,1003.04,547.193,854.342,524.921,714.891,491.84,586.741,448.567,474.635,399.82,377.133,345.458,302.742,288.287,100.0,0.68
2,,3.0,4193.49,1046.35,4007.59,942.822,3744.59,839.012,3550.92,767.054,3376.26,709.889,3211.18,651.406,3052.04,602.992,2922.08,566.415,2797.04,536.152,2678.6,506.19,2555.82,472.971,2444.65,447.126,2333.71,421.126,2232.22,398.239,2136.74,377.602,2046.4,359.905,1961.77,345.068,1880.54,333.648,1801.95,327.156,1724.91,324.177,1647.37,324.653,1569.36,328.543,1490.32,336.195,1407.89,345.874,1322.17,358.087,1232.1,371.833,1136.38,386.345,1033.73,400.265,924.965,410.259,811.772,414.58,696.079,409.79,581.96,392.981,474.563,365.719,378.388,328.321,295.506,284.609,235.379,243.168,100.0,0.67
3,,4.0,3198.38,915.725,2924.7,792.953,2796.45,729.427,2628.47,644.583,2473.69,585.546,2326.29,541.927,2195.22,502.944,2086.39,471.136,1981.13,438.305,1877.33,404.64,1777.3,380.944,1687.82,351.614,1601.15,328.967,1522.52,307.398,1448.15,286.825,1380.14,268.18,1316.94,251.551,1258.7,237.528,1203.39,225.892,1152.1,217.354,1102.74,212.057,1054.13,209.849,1005.53,210.812,956.65,214.697,904.748,221.086,852.194,230.878,794.171,243.645,731.41,256.582,662.589,268.891,587.872,277.368,509.031,279.396,428.979,273.562,351.438,257.987,281.217,233.927,220.166,204.07,170.115,165.921,100.0,0.66
4,,5.0,2739.83,839.45,2564.83,690.874,2396.88,636.933,2266.23,564.916,2141.95,518.533,2015.67,474.884,1909.48,441.185,1801.38,412.512,1700.18,386.467,1608.95,363.567,1523.03,337.577,1439.62,316.845,1364.9,295.337,1295.87,275.986,1230.67,257.324,1171.48,239.762,1116.77,223.974,1065.78,209.35,1019.01,197.447,973.95,187.895,931.921,179.984,891.55,175.936,851.264,173.95,812.273,176.004,771.596,179.981,728.816,187.7,682.405,197.439,631.659,208.733,576.488,219.845,515.427,228.526,449.984,232.588,382.6,229.733,316.508,218.744,256.24,200.879,202.514,177.006,160.211,155.74,100.0,0.65
5,,6.0,4124.89,1154.27,3840.13,1082.5,3629.96,926.463,3384.87,852.422,3180.08,779.319,3016.84,725.906,2839.77,670.144,2686.96,618.057,2542.85,571.06,2407.47,528.216,2286.82,495.889,2173.65,453.296,2064.82,420.539,1966.51,390.004,1875.69,360.541,1791.26,334.57,1714.12,312.246,1643.41,295.283,1577.01,284.05,1512.09,278.259,1449.16,276.784,1384.13,282.652,1316.72,292.048,1245.9,305.943,1169.62,322.239,1086.04,340.531,995.86,359.146,898.134,375.599,793.143,385.263,683.787,386.887,574.048,376.397,468.529,353.918,372.67,320.177,290.793,279.179,224.006,235.127,167.543,189.176,100.0,0.64
6,,7.0,4396.62,1284.78,4072.77,1119.34,3891.86,1040.85,3627.29,913.48,3416.83,831.011,3207.25,770.409,3031.24,716.672,2870.23,665.957,2712.03,612.857,2560.88,560.049,2424.3,521.676,2299.12,474.83,2188.65,439.526,2088.22,403.452,1997.99,371.057,1915.3,344.588,1840.44,322.23,1771.13,306.981,1705.86,297.988,1641.58,296.689,1575.05,301.76,1506.99,312.373,1432.72,328.039,1351.59,346.75,1263.67,367.906,1167.66,389.398,1063.42,407.618,951.097,421.309,832.581,427.222,712.17,422.356,592.537,404.525,480.54,374.425,381.307,335.541,297.338,289.972,229.939,243.265,181.892,199.524,100.0,0.63
7,,8.0,4681.89,1390.56,4464.88,1251.61,4134.94,1088.29,3893.38,998.614,3658.25,918.908,3460.72,839.72,3265.03,771.843,3074.61,707.642,2898.99,652.869,2747.01,607.557,2612.34,554.203,2481.96,512.719,2367.86,469.576,2262.77,430.68,2168.69,397.523,2082.05,369.605,2001.82,347.454,1926.9,333.506,1853.33,326.58,1781.16,327.718,1705.86,336.095,1626.14,350.156,1540.28,368.472,1446.75,389.23,1345.45,410.567,1236.24,430.57,1119.59,447.317,995.54,457.552,868.022,459.355,739.409,449.83,613.576,427.828,496.802,393.403,395.313,351.018,308.683,301.865,238.333,251.094,176.002,202.007,100.0,0.63
8,,9.0,5043.35,1462.45,4684.47,1285.85,4442.56,1214.27,4121.83,1059.52,3886.94,963.985,3648.81,891.315,3464.39,828.626,3276.63,767.581,3095.01,703.192,2926.35,637.523,2769.93,589.488,2638.9,535.471,2513.36,492.042,2403.54,452.898,2300.26,417.598,2209.72,390.081,2125.02,368.702,2045.97,355.783,1968.8,351.055,1890.48,355.312,1810.01,366.626,1722.27,383.791,1627.7,404.347,1524.05,426.653,1412.25,447.967,1293.38,467.39,1166.91,481.568,1034.77,489.33,898.981,487.992,762.918,474.637,632.975,448.591,512.835,410.544,406.846,363.206,317.124,310.973,247.126,259.711,196.385,203.389,100.0,0.62
9,,10.0,5156.36,1483.75,4778.54,1367.99,4540.87,1203.71,4206.64,1088.08,3950.41,989.708,3733.31,920.064,3532.25,851.302,3334.97,780.743,3146.81,712.401,2968.39,650.082,2817.62,602.888,2679.11,545.722,2553.82,502.819,2443.65,461.602,2341.77,428.081,2249.43,400.372,2163.04,379.744,2081.06,368.093,2000.9,365.142,1919.4,369.557,1834.04,381.882,1741.52,399.043,1641.19,418.749,1532.95,439.49,1416.77,458.433,1294.57,474.59,1166.25,486.402,1034.26,491.018,898.222,487.275,763.27,473.203,633.624,445.82,513.93,407.65,408.573,360.324,320.97,309.117,250.411,258.788,203.092,212.878,100.0,0.61
10,,11.0,7223.4,2053.96,6834.37,1877.24,6298.15,1672.4,5905.61,1545.47,5527.49,1415.87,5211.49,1281.41,4893.38,1159.05,4610.64,1047.05,4366.38,949.334,4145.56,867.244,3962.01,792.106,3784.44,711.338,3624.96,652.189,3478.11,599.022,3346.57,557.509,3224.48,527.384,3109.78,510.139,2998.04,506.425,2883.59,517.065,2762.75,538.98,2631.83,570.211,2488.47,608.137,2331.21,649.179,2159.3,690.169,1971.69,726.915,1770.33,755.775,1556.79,769.903,1338.7,766.862,1122.84,741.566,918.092,696.208,731.706,631.837,570.568,554.943,438.257,473.266,333.0,391.905,252.01,316.491,193.764,262.74,100.0,0.61
11,,21.0,6968.67,1974.03,6638.21,1818.17,6281.03,1580.77,5834.7,1482.23,5472.56,1360.17,5162.25,1252.55,4892.71,1159.27,4617.59,1064.51,4353.84,980.854,4110.08,914.846,3904.02,854.728,3700.4,798.147,3521.05,754.906,3353.04,718.204,3190.91,696.048,3033.96,683.385,2874.86,681.431,2712.14,687.607,2541.49,699.856,2359.34,710.145,2170.47,713.715,1979.3,704.688,1793.99,683.0,1616.36,651.292,1453.92,617.212,1303.22,581.389,1163.37,547.974,1029.63,517.416,903.611,488.886,782.162,459.085,667.495,427.365,560.015,392.863,461.999,354.518,375.909,313.203,302.459,270.886,230.397,233.385,100.0,0.56
12,,41.0,8620.44,2288.96,8088.03,2125.51,7714.34,1934.67,7154.19,1783.71,6725.15,1640.24,6369.65,1540.93,6024.96,1437.12,5693.3,1331.27,5382.34,1233.6,5084.27,1144.74,4823.9,1088.4,4580.52,1019.66,4345.7,979.017,4127.05,948.498,3908.97,931.412,3692.41,930.044,3470.03,941.358,3234.48,957.808,2983.66,974.869,2721.06,980.837,2452.29,966.377,2190.24,928.691,1946.29,872.476,1725.72,804.579,1530.97,735.142,1358.71,668.872,1204.65,609.647,1065.21,557.875,937.7,512.864,817.991,473.183,706.38,437.522,601.301,401.322,504.341,364.941,414.025,325.099,338.401,287.26,261.932,237.378,100.0,0.49
13,,51.0,8925.59,2473.7,8415.31,2119.78,7862.43,1993.2,7426.18,1809.32,6977.32,1681.72,6586.51,1561.83,6184.33,1452.59,5823.02,1363.71,5506.4,1282.69,5225.65,1206.7,4952.75,1129.84,4703.45,1079.67,4455.9,1028.93,4218.1,996.846,3989.01,977.997,3759.61,974.62,3523.3,984.392,3276.08,1001.91,3013.19,1018.05,2736.04,1020.71,2455.26,1002.2,2182.97,959.356,1930.4,896.111,1704.02,822.188,1506.55,745.999,1333.11,673.739,1179.95,609.221,1042.65,552.604,918.218,504.336,803.231,462.642,695.171,425.797,595.497,390.763,501.916,356.088,416.133,319.554,340.637,282.609,259.796,249.334,100.0,0.47
14,,61.0,9271.48,2389.58,8695.45,2224.19,8290.25,2037.99,7707.11,1886.81,7251.86,1748.04,6862.52,1649.18,6458.38,1540.89,6118.51,1436.72,5790.19,1337.68,5463.09,1253.32,5179.92,1188.53,4896.04,1121.85,4641.95,1072.23,4393.75,1035.35,4152.84,1012.28,3914.51,1008.01,3670.36,1016.19,3415.49,1033.54,3145.05,1050.82,2859.99,1056.16,2569.73,1040.57,2287.11,999.98,2023.04,938.371,1786.15,863.506,1576.23,784.766,1393.65,710.377,1231.2,642.514,1086.81,582.923,955.598,530.647,834.68,485.944,721.925,445.977,618.305,408.233,520.509,371.817,431.725,334.363,351.828,294.779,291.043,241.609,100.0,0.46
15,,71.0,9700.89,2538.67,9220.54,2334.9,8668.74,2051.53,8153.2,1969.79,7670.57,1845.83,7245.28,1716.59,6855.19,1606.57,6456.06,1495.73,6076.78,1402.09,5737.2,1330.15,5431.08,1244.88,5140.18,1187.67,4866.87,1128.06,4609.3,1091.1,4360.83,1071.32,4112.85,1063.57,3859.56,1071.82,3594.49,1090.55,3312.67,1108.58,3015.06,1114.5,2711.29,1098.09,2414.26,1056.5,2136.2,992.987,1884.33,915.344,1662.73,834.02,1467.02,754.698,1292.97,682.455,1138.91,618.747,999.182,562.996,870.471,513.8,751.001,470.333,641.016,429.55,539.455,389.927,445.506,349.723,361.994,308.98,281.461,252.244,100.0,0.45
16,,81.0,10264.1,2706.68,9683.81,2335.99,9079.77,2218.9,8566.9,2024.26,8073.94,1899.26,7586.52,1770.16,7166.86,1667.33,6738.78,1574.26,6345.86,1484.62,5998.24,1393.26,5656.67,1307.26,5364.1,1242.84,5071.89,1183.79,4803.59,1146.79,4541.09,1122.15,4283.21,1116.61,4018.97,1124.66,3740.7,1142.79,3445.81,1160.77,3136.56,1167.49,2817.61,1150.52,2506.19,1106.0,2215.32,1039.46,1951.46,958.785,1718.42,873.26,1513.75,789.765,1332.03,713.223,1170.18,645.834,1024.23,585.418,890.578,533.042,767.188,486.223,653.443,443.416,548.74,401.642,452.234,359.117,367.241,315.704,302.751,287.513,100.0,0.43
0,,1.0,49135.2,52441.4,50088.6,51597.8,47397.6,46915.6,43759.1,40397.3,40505.3,35717.2,37608.9,30485.5,35005.6,25814.5,32614.4,21624.1,30314.6,17848.7,27979.1,14570.1,25985.4,11795.4,24187.4,9535.31,22725.4,7947.85,21454.0,6743.65,20354.7,5906.69,19337.8,5357.76,18354.4,5076.59,17342.6,5012.86,16247.2,5111.06,15017.6,5299.09,13646.7,5500.56,12155.5,5642.9,10585.9,5664.15,9001.74,5535.2,7480.67,5256.68,6075.4,4843.54,4831.48,4337.24,3773.98,3785.69,2898.98,3225.72,2194.6,2692.27,1640.13,2202.96,1213.75,1770.51,891.81,1399.25,653.538,1086.5,483.824,834.679,352.125,-41.0739,100.0,0.68
1,,2.0,7007.47,857.005,6810.82,858.364,6595.91,795.288,6357.23,784.569,6157.85,752.288,5972.1,711.984,5835.16,679.532,5674.79,647.4,5503.83,621.346,5346.92,606.992,5198.19,587.556,5055.84,582.07,4915.89,575.281,4781.16,579.897,4647.93,592.776,4511.77,613.136,4369.79,645.05,4219.55,687.802,4053.4,741.223,3869.4,803.504,3662.41,869.368,3435.01,936.868,3182.16,996.612,2908.92,1046.37,2618.5,1078.14,2318.47,1090.54,2015.13,1077.97,1718.83,1041.92,1438.62,983.525,1180.04,905.396,948.833,811.967,750.941,711.118,585.257,608.967,450.922,510.108,344.081,418.623,255.434,341.341,100.0,0.64
2,,3.0,4096.05,1020.99,3890.66,929.577,3734.31,809.35,3533.43,760.15,3346.84,696.254,3208.79,643.772,3055.06,595.98,2914.62,554.539,2786.6,524.566,2665.92,502.733,2549.21,475.03,2436.14,455.168,2323.29,433.439,2218.62,414.869,2118.34,397.339,2022.21,381.867,1929.27,368.147,1841.41,358.022,1756.01,351.401,1672.33,348.068,1588.15,347.869,1504.11,351.637,1417.85,357.353,1329.47,365.789,1236.8,376.294,1140.59,386.316,1039.91,396.737,934.198,403.529,824.519,405.695,713.463,399.761,603.261,384.875,498.676,360.544,403.34,326.71,320.459,286.294,251.067,243.12,191.218,201.394,100.0,0.61
3,,4.0,3386.73,939.01,3158.98,834.048,2986.31,789.647,2772.21,689.011,2609.05,624.311,2474.54,582.063,2334.87,540.204,2214.1,504.23,2102.49,469.102,1992.34,435.717,1890.28,413.671,1791.88,385.748,1701.69,364.201,1614.66,341.278,1533.49,319.994,1457.79,301.172,1385.83,283.76,1318.86,268.797,1256.09,256.83,1195.61,248.391,1137.36,241.717,1080.11,239.004,1023.41,239.862,965.818,243.659,906.139,249.831,844.353,259.023,778.139,268.989,706.915,277.867,631.066,285.27,551.878,288.047,470.075,282.756,390.233,269.077,316.026,247.721,251.508,219.821,196.574,187.496,152.279,151.542,100.0,0.59
4,,5.0,2543.78,756.852,2332.35,660.498,2214.77,598.869,2059.21,526.46,1938.89,481.108,1823.31,449.402,1719.09,421.663,1629.15,397.362,1539.17,373.957,1449.45,348.175,1362.99,330.372,1284.68,306.942,1207.97,289.755,1138.3,271.465,1071.67,254.559,1010.91,237.791,954.415,222.124,901.654,207.663,852.401,194.275,807.772,182.618,766.177,172.337,727.071,164.75,690.332,159.033,653.426,155.47,618.225,154.507,581.548,156.602,543.916,160.306,504.039,165.232,460.618,170.46,414.836,175.069,366.387,177.087,316.719,174.704,268.031,167.882,221.812,155.426,181.072,137.842,149.097,122.031,100.0,0.57
5,,6.0,1959.11,591.393,1835.28,551.983,1733.63,464.172,1614.14,425.798,1515.79,390.52,1435.75,365.214,1352.14,341.032,1273.01,318.623,1196.02,298.552,1123.45,280.818,1056.41,268.303,993.429,249.742,932.03,236.052,875.358,222.234,822.603,208.429,773.254,194.395,727.06,180.883,684.43,167.887,643.808,155.389,607.316,145.367,573.343,135.658,542.487,127.456,513.359,120.628,485.28,115.864,458.815,113.177,432.81,111.668,406.028,112.237,378.674,113.257,350.147,116.219,319.769,118.369,287.864,119.192,254.332,119.113,221.748,115.292,190.564,109.331,159.983,99.3614,133.869,91.4063,100.0,0.56
6,,7.0,2112.84,644.389,1996.15,574.821,1876.14,492.565,1761.21,462.945,1653.5,427.756,1563.12,397.971,1469.44,372.11,1383.52,348.998,1300.58,330.144,1218.33,315.046,1145.28,298.827,1070.03,280.573,1002.2,264.031,938.455,246.724,878.546,230.202,822.67,213.288,771.844,197.46,725.305,182.19,682.452,168.463,643.19,156.265,607.515,145.27,573.596,136.962,542.544,130.296,512.47,125.112,483.416,122.214,454.635,120.982,425.707,121.684,396.168,122.88,365.366,125.013,333.067,126.339,299.233,126.866,266.067,124.861,231.497,119.899,199.226,113.293,169.346,103.497,143.823,96.4366,100.0,0.55
7,,8.0,2274.44,680.053,2124.93,579.656,1989.85,551.941,1863.88,483.731,1753.57,447.078,1644.83,419.459,1548.74,396.926,1450.98,378.065,1358.49,358.789,1272.39,339.436,1187.45,319.215,1109.97,302.869,1035.27,283.689,966.04,263.96,903.063,245.21,844.97,226.98,791.508,209.262,742.944,192.856,699.189,178.027,658.462,164.821,620.886,152.933,586.411,144.123,553.621,136.58,521.925,131.835,491.114,128.074,460.72,126.756,429.316,126.256,398.334,126.435,366.336,127.117,334.081,127.046,300.81,125.834,266.842,123.286,233.662,118.149,201.674,110.48,172.784,101.887,146.318,87.5284,100.0,0.54
8,,9.0,2348.72,694.711,2196.6,598.336,2073.55,572.941,1942.31,503.937,1833.68,467.899,1717.52,439.755,1614.19,417.821,1518.14,399.107,1421.15,380.907,1330.69,360.599,1239.89,337.867,1155.23,319.973,1076.94,298.94,1004.9,277.449,937.75,256.968,876.481,236.845,820.449,218.141,769.508,200.33,723.856,184.841,682.502,171.016,643.729,159.497,607.503,150.116,573.669,142.935,541.056,138.263,509.499,134.899,477.15,133.078,444.812,132.503,411.444,132.091,378.791,132.548,344.958,131.93,309.781,129.972,275.885,126.562,242.207,121.496,209.585,113.738,180.547,103.197,149.875,93.5833,100.0,0.53
9,,10.0,2402.2,725.572,2286.91,641.727,2132.58,560.375,2005.53,527.367,1881.81,493.42,1776.68,463.325,1664.98,437.248,1557.81,412.533,1457.19,392.109,1359.58,374.552,1271.21,355.219,1182.68,330.665,1101.87,310.051,1026.24,289.041,956.703,266.769,893.859,244.894,836.131,224.998,785.13,206.799,737.423,190.133,693.362,175.958,653.522,164.005,616.208,153.547,581.325,147.068,547.464,142.075,513.924,138.161,480.914,136.305,448.218,135.203,414.102,134.265,379.888,132.689,345.496,131.155,310.59,129.521,276.87,125.018,243.751,119.225,212.8,111.833,182.872,102.863,152.197,91.0693,100.0,0.52
10,,11.0,5227.69,1547.59,4837.0,1372.7,4509.75,1343.65,4180.62,1210.17,3889.86,1132.89,3608.27,1068.75,3343.44,1008.56,3108.89,959.515,2886.19,903.894,2676.47,841.593,2466.62,781.39,2282.86,729.133,2105.51,672.851,1942.97,618.594,1796.27,568.984,1663.75,521.245,1541.44,477.933,1431.67,438.143,1331.3,403.146,1239.31,372.132,1155.24,345.857,1077.61,324.051,1004.21,306.863,933.841,292.777,866.102,283.322,799.91,277.056,732.769,272.817,664.989,269.431,596.319,266.131,527.633,261.21,459.034,252.797,392.361,240.585,328.348,223.405,269.991,201.252,219.042,176.606,187.051,154.106,100.0,0.51
11,,21.0,2445.94,733.277,2310.54,623.703,2148.8,577.799,2029.13,529.756,1906.87,498.829,1793.49,469.802,1675.49,445.567,1561.14,425.273,1456.44,403.907,1359.99,378.739,1265.27,354.049,1182.64,326.477,1101.12,302.6,1029.9,278.216,965.564,255.103,907.097,234.495,853.505,215.212,804.753,199.416,759.468,186.147,717.314,174.896,677.893,167.525,638.576,161.689,599.63,157.753,561.949,154.988,523.39,152.52,484.742,149.715,446.009,146.726,408.258,142.013,372.184,137.429,337.181,131.594,304.127,125.256,272.738,118.094,243.308,110.681,215.824,103.003,190.204,95.0702,170.587,89.1031,100.0,0.46
12,,31.0,2601.35,724.664,2430.19,661.589,2324.64,625.659,2154.17,569.907,2016.35,531.971,1892.14,509.087,1766.78,483.773,1653.34,459.069,1544.28,430.631,1437.47,399.595,1340.17,376.594,1250.92,344.397,1167.68,318.808,1093.11,292.075,1025.13,268.515,963.769,245.629,907.297,226.049,855.408,209.519,808.425,196.397,763.251,186.001,720.003,178.736,678.504,173.457,637.475,170.928,595.398,168.476,553.02,166.036,509.97,163.85,467.54,160.129,426.675,154.617,387.094,148.354,348.739,141.998,313.677,133.972,280.491,125.781,250.171,117.028,220.86,107.979,194.938,99.4281,176.022,92.2141,100.0,0.43
13,,41.0,2736.65,782.524,2596.51,691.74,2403.49,650.381,2262.43,596.956,2119.7,565.251,1987.95,532.455,1850.46,501.597,1721.15,474.908,1605.74,449.1,1502.92,421.396,1401.65,387.543,1310.64,360.745,1224.88,331.094,1145.77,303.699,1075.5,278.097,1011.4,255.401,953.317,235.748,900.29,219.057,850.536,206.013,803.515,195.699,757.989,189.257,713.801,184.645,669.808,182.28,624.703,180.856,578.938,179.017,533.532,175.815,487.506,171.977,442.548,166.282,399.751,159.358,359.388,151.343,320.705,142.268,286.228,132.249,253.887,122.171,224.175,112.551,197.933,103.071,174.629,98.817,100.0,0.41
14,,51.0,2892.4,828.031,2739.5,728.704,2540.0,671.191,2394.6,631.233,2250.16,600.536,2110.21,563.216,1981.0,533.324,1847.8,503.856,1719.58,473.372,1605.22,445.084,1498.52,409.141,1399.66,380.639,1311.52,348.999,1230.11,320.119,1156.82,294.402,1089.96,270.705,1029.31,250.004,972.853,233.22,921.979,220.393,871.958,210.907,823.984,204.754,775.662,200.233,727.489,198.9,678.435,198.026,628.272,197.089,577.823,195.051,527.411,191.089,477.472,184.963,428.841,177.217,384.408,167.29,342.085,157.436,303.127,145.963,267.58,134.567,235.222,123.296,205.794,112.567,181.13,97.9451,100.0,0.4
15,,61.0,3066.05,858.49,2895.0,759.578,2680.09,719.985,2523.02,661.746,2369.68,628.009,2227.25,591.909,2078.69,557.65,1941.57,528.413,1815.31,497.987,1700.05,466.132,1588.31,427.76,1486.35,398.423,1391.65,364.561,1306.1,335.119,1229.29,307.802,1158.61,283.431,1093.83,262.043,1034.72,245.245,979.792,231.654,927.2,222.654,876.166,216.365,824.661,213.519,772.659,212.177,720.0,212.402,666.45,211.766,612.779,210.518,557.636,206.124,503.634,200.634,451.702,191.541,403.071,181.334,357.132,169.829,315.684,157.045,277.625,144.685,242.564,132.368,210.47,120.019,177.698,109.112,100.0,0.39
16,,71.0,3215.83,859.593,2983.8,807.941,2841.58,741.598,2631.72,690.834,2461.3,648.131,2308.18,619.694,2155.66,586.256,2022.51,550.799,1892.27,513.909,1763.65,477.494,1652.78,446.575,1543.26,409.928,1447.94,377.943,1359.3,347.334,1278.38,318.489,1205.2,294.546,1138.36,272.573,1076.32,255.643,1018.22,242.488,962.904,233.507,908.549,227.4,853.794,224.749,799.378,224.078,742.713,223.692,685.491,222.645,627.645,220.851,569.723,216.507,512.792,209.259,458.269,199.186,407.97,187.523,360.608,175.125,318.203,162.125,278.996,148.22,244.249,134.738,211.427,121.146,178.111,109.08,100.0,0.38
17,,81.0,3409.57,907.57,3176.21,842.58,3034.23,793.845,2818.89,731.557,2636.36,685.235,2474.06,655.594,2308.65,619.509,2165.27,583.682,2028.82,544.827,1896.06,502.904,1775.42,471.631,1663.63,430.851,1560.07,399.118,1467.07,365.934,1381.94,337.644,1305.52,312.212,1233.95,289.886,1168.12,273.099,1105.76,259.592,1045.74,250.856,987.703,245.939,929.458,243.99,868.913,244.015,806.847,244.758,743.511,244.076,679.919,242.901,616.373,238.066,553.534,230.722,493.7,220.499,436.916,207.379,384.243,192.914,337.178,178.519,294.343,162.761,254.735,147.389,219.59,132.567,187.506,124.661,100.0,0.38
0,,1.0,49699.6,56188.7,46163.3,43687.4,37245.8,38421.3,36976.5,34275.7,35714.3,30362.2,34222.5,26147.1,33065.9,22277.8,31657.8,18714.6,30087.9,15359.5,28141.7,12312.1,26492.3,9852.26,25067.8,8115.22,23911.8,6807.15,22899.5,5919.32,21934.6,5363.65,21003.2,5094.59,20036.1,5076.23,18958.8,5250.77,17726.5,5556.16,16287.0,5892.56,14665.0,6172.16,12908.5,6314.46,11106.6,6272.63,9338.35,6035.16,7693.78,5628.11,6225.54,5100.26,4958.25,4505.6,3896.31,3897.08,3022.25,3308.25,2313.64,2765.53,1747.81,2274.37,1304.16,1840.84,962.915,1463.79,708.287,1147.95,521.961,888.502,106.642,366.671,200.0,0.71
1,,2.0,7052.31,848.903,6803.75,794.307,6614.26,802.422,6390.4,742.67,6223.69,710.474,6031.58,685.311,5881.04,664.16,5715.14,644.614,5547.61,625.083,5395.98,605.592,5244.49,598.167,5110.3,594.394,4969.99,598.488,4831.07,611.79,4692.14,631.735,4546.15,661.164,4392.11,700.016,4220.65,746.982,4033.99,800.242,3828.02,856.497,3605.04,910.792,3361.68,961.333,3102.98,1004.52,2830.68,1037.58,2547.8,1057.17,2258.95,1059.74,1969.86,1043.6,1686.53,1007.35,1416.54,951.694,1166.74,878.263,941.09,790.071,746.002,693.607,583.589,594.546,451.437,498.553,347.407,410.82,273.691,335.55,200.0,0.68
2,,3.0,4982.89,940.423,4844.7,911.109,4614.06,789.662,4440.68,753.042,4251.09,699.814,4085.86,650.187,3921.17,604.228,3783.98,565.584,3650.95,536.335,3519.88,514.911,3401.54,490.288,3283.28,474.258,3171.85,457.536,3061.19,446.608,2953.39,438.359,2848.28,436.351,2744.43,440.372,2639.26,449.706,2530.33,464.508,2415.91,483.757,2294.79,506.114,2166.0,531.295,2030.25,557.893,1884.9,584.004,1731.46,607.993,1568.16,627.522,1396.69,639.34,1220.96,640.769,1043.96,628.318,870.911,600.437,708.342,556.534,562.547,499.969,439.235,434.216,337.876,367.39,258.523,302.334,203.613,246.331,200.0,0.66
3,,4.0,3868.82,959.493,3657.15,806.687,3457.22,758.949,3285.18,679.904,3122.8,627.483,2985.32,581.859,2839.11,541.432,2711.69,510.938,2598.64,483.315,2489.56,456.782,2379.93,428.762,2280.5,408.305,2181.21,384.727,2088.48,366.563,2001.06,348.301,1917.83,333.768,1838.42,322.309,1763.11,314.069,1689.23,309.162,1615.87,309.163,1542.15,312.524,1467.61,319.467,1389.89,329.85,1307.74,343.658,1221.18,359.107,1128.81,376.245,1029.74,392.807,922.219,405.749,809.853,412.399,693.725,409.528,577.697,394.826,468.068,366.543,370.425,329.228,287.81,284.612,220.549,238.808,172.857,197.496,200.0,0.64
4,,5.0,2416.56,683.462,2307.17,606.643,2193.84,528.007,2065.78,495.788,1955.48,456.343,1850.2,418.748,1752.68,388.278,1661.89,360.63,1572.66,337.028,1487.49,319.17,1413.14,300.773,1337.47,281.774,1269.82,266.041,1206.69,249.764,1145.87,235.024,1089.99,221.337,1036.79,208.238,987.477,196.639,940.875,185.983,897.245,177.804,856.172,171.528,816.866,166.633,778.637,164.512,739.93,165.478,701.52,168.373,661.913,173.845,618.919,181.066,572.888,190.524,522.753,199.549,468.377,207.073,410.045,210.202,348.969,208.076,289.924,198.723,235.428,181.863,187.327,161.626,146.692,132.541,200.0,0.62
5,,6.0,1862.83,543.858,1773.11,481.618,1673.82,410.259,1576.69,382.643,1487.82,349.005,1420.98,322.526,1345.31,298.29,1273.56,277.067,1207.03,259.569,1144.27,246.417,1088.32,232.653,1030.62,220.08,979.54,208.511,929.328,197.165,882.352,186.582,837.33,176.788,794.688,167.29,754.779,158.424,716.837,150.476,681.188,142.987,647.4,136.68,614.843,130.642,584.09,126.877,554.668,124.473,525.333,123.172,496.846,124.292,467.159,127.158,435.937,131.648,402.543,136.604,365.801,142.216,326.527,145.225,284.516,146.167,242.786,143.208,203.637,135.286,167.072,124.004,136.566,111.744,200.0,0.61
6,,7.0,3084.15,893.675,2926.88,767.283,2736.22,720.559,2574.01,624.865,2437.56,571.664,2297.1,526.394,2180.35,490.626,2068.24,461.766,1958.5,431.883,1858.13,402.515,1758.02,375.88,1669.82,352.094,1583.63,329.298,1504.38,309.329,1431.5,289.058,1363.2,271.168,1299.39,255.196,1240.79,241.727,1185.86,231.273,1133.47,223.207,1082.76,218.75,1031.77,217.29,981.073,218.813,928.722,223.711,874.707,231.378,817.759,241.17,755.56,251.666,688.697,262.215,617.737,270.875,541.649,273.717,463.446,270.714,387.135,259.331,315.592,239.663,252.315,214.013,198.678,184.234,150.797,151.53,200.0,0.6
7,,8.0,3136.41,953.904,2971.63,802.591,2788.77,719.758,2651.3,653.224,2507.71,601.639,2368.76,550.93,2240.53,511.335,2113.79,477.696,1993.67,448.445,1887.24,422.934,1787.44,393.963,1694.84,372.681,1606.3,347.536,1523.64,325.635,1448.57,304.859,1376.52,285.401,1309.47,267.976,1248.12,253.074,1190.33,241.231,1135.07,232.462,1081.34,227.008,1028.73,224.815,975.745,224.425,921.321,228.224,865.635,234.151,807.497,241.801,745.723,250.599,679.866,258.492,609.449,264.501,536.439,267.028,462.012,263.276,388.554,252.279,319.918,234.375,257.723,209.821,205.462,181.981,166.072,154.522,200.0,0.59
8,,9.0,3210.36,936.832,3031.63,862.767,2848.32,723.777,2669.93,670.961,2513.91,617.725,2381.51,572.35,2256.72,533.291,2127.82,494.657,2004.6,463.107,1890.72,437.162,1790.07,408.98,1689.89,384.904,1600.56,360.257,1515.88,337.03,1438.69,314.996,1366.26,295.155,1298.18,276.533,1234.4,261.175,1174.34,248.2,1118.28,238.181,1063.21,231.322,1010.15,227.68,956.526,227.163,901.972,228.51,845.62,232.601,787.479,238.369,725.501,243.71,662.258,249.798,595.634,254.038,525.992,255.128,455.564,251.182,385.658,240.558,319.937,224.672,261.83,202.927,211.62,177.967,166.828,146.662,200.0,0.58
9,,10.0,3036.06,918.087,2891.06,808.439,2707.49,693.656,2559.58,646.584,2411.12,597.071,2290.29,552.686,2158.97,513.828,2034.14,478.521,1917.87,448.697,1807.45,423.673,1710.92,401.358,1615.04,372.642,1525.95,350.643,1440.02,328.524,1362.66,306.473,1290.33,286.713,1223.44,267.47,1161.12,251.185,1103.73,237.699,1049.34,226.912,996.767,219.791,945.736,215.334,895.076,213.032,843.225,213.888,790.634,215.634,737.443,219.378,681.521,223.239,624.37,227.361,563.868,230.331,500.925,230.984,437.662,227.375,375.566,219.681,315.956,207.651,261.303,189.796,212.868,168.262,169.455,141.003,200.0,0.57
10,,11.0,5366.06,1621.36,5045.91,1456.16,4634.51,1316.08,4330.89,1217.76,4051.22,1131.87,3785.27,1035.96,3547.69,957.908,3311.21,885.639,3093.37,822.353,2905.02,759.577,2719.34,694.797,2562.83,638.05,2409.07,588.314,2273.6,541.411,2152.01,499.331,2039.81,463.833,1934.42,433.44,1837.24,409.701,1745.25,392.295,1656.79,380.437,1569.67,374.119,1482.18,372.353,1393.86,374.933,1302.38,380.696,1207.49,389.207,1108.71,398.569,1004.23,406.706,895.851,411.185,783.827,409.754,671.564,399.791,561.35,380.758,458.983,352.335,368.141,315.155,290.788,274.036,226.249,230.378,165.578,183.698,200.0,0.56
11,,21.0,2784.95,831.123,2664.57,735.662,2477.79,635.551,2346.31,579.494,2217.88,537.808,2094.68,496.432,1980.07,464.167,1870.19,437.238,1762.91,414.179,1663.17,393.644,1568.52,367.366,1477.04,347.076,1393.89,324.783,1315.33,302.62,1243.75,283.539,1177.03,265.619,1115.58,249.816,1058.49,236.692,1003.49,227.165,950.496,219.652,897.968,215.716,846.817,213.042,793.937,210.946,741.142,209.038,687.859,206.139,635.509,202.422,583.725,197.489,534.138,192.647,486.269,186.729,439.269,181.183,393.663,174.586,349.678,168.011,307.211,160.876,265.919,151.447,226.646,140.225,193.094,130.594,200.0,0.51
12,,31.0,2867.1,838.413,2666.17,707.654,2527.01,659.103,2373.27,578.241,2247.84,533.166,2119.4,500.622,2006.88,474.439,1896.84,451.418,1789.35,426.167,1686.68,398.184,1586.04,375.813,1498.46,351.339,1412.1,328.609,1333.71,308.392,1261.44,288.144,1194.75,270.875,1132.32,255.315,1073.35,243.192,1017.64,233.604,963.678,227.484,909.897,223.895,855.235,221.597,799.058,219.691,743.296,217.217,687.755,213.791,633.315,208.904,580.692,202.69,529.253,195.732,480.396,187.681,433.198,179.543,389.145,171.113,346.346,163.952,305.03,156.214,265.605,147.916,227.311,137.134,192.143,121.759,200.0,0.48
13,,41.0,2967.75,822.352,2763.18,742.328,2643.11,664.066,2455.74,602.8,2323.89,555.227,2196.86,524.009,2080.43,494.534,1969.25,465.526,1856.21,436.26,1744.71,407.45,1645.44,386.799,1550.97,358.671,1463.24,337.069,1383.95,315.677,1310.57,295.708,1242.18,277.71,1178.27,262.914,1118.45,250.753,1061.39,241.685,1004.81,235.795,949.241,232.894,892.659,231.903,834.431,230.909,775.454,228.904,716.943,225.977,658.884,221.107,603.084,214.946,548.623,206.847,496.808,198.11,447.574,188.93,400.703,179.919,356.297,171.521,313.581,162.603,272.968,153.017,233.661,142.27,192.921,130.958,200.0,0.46
14,,51.0,3066.34,882.21,2876.53,734.42,2704.24,690.459,2561.7,612.383,2420.51,568.038,2289.48,532.37,2162.53,502.075,2037.36,476.818,1922.95,451.314,1818.59,423.127,1713.45,397.268,1622.65,372.244,1531.76,348.236,1449.89,326.718,1372.1,306.15,1302.44,288.008,1236.63,272.448,1173.45,260.688,1112.74,252.127,1054.08,246.503,994.591,244.776,934.579,243.855,872.941,243.344,809.508,241.82,746.8,238.989,685.25,233.516,625.442,227.081,567.23,218.64,512.329,208.694,460.303,198.492,411.187,187.992,364.81,178.991,320.748,168.624,278.984,158.592,238.143,146.995,206.646,136.309,200.0,0.45
15,,61.0,3247.63,902.199,3098.18,809.578,2877.85,703.532,2712.39,650.007,2561.91,607.639,2425.97,564.78,2298.54,531.352,2168.62,499.387,2042.53,470.768,1925.88,447.59,1821.62,418.7,1717.62,393.276,1624.43,368.032,1537.32,343.492,1456.29,322.433,1382.38,303.28,1312.74,287.906,1247.85,276.495,1183.7,268.133,1120.88,263.531,1057.57,261.87,993.61,261.668,927.652,261.627,859.759,260.973,791.705,257.957,725.209,252.731,659.743,245.132,598.505,235.806,539.315,225.008,482.982,212.96,429.97,202.02,380.056,190.977,333.572,180.126,288.477,168.37,246.185,155.73,208.446,137.352,200.0,0.45
16,,71.0,3363.16,930.836,3182.92,798.242,2978.43,749.01,2816.81,667.108,2668.11,621.046,2514.2,577.924,2378.5,545.216,2247.42,517.175,2121.31,490.106,2005.51,460.123,1889.27,429.383,1787.96,403.515,1688.28,376.975,1597.97,353.591,1514.25,331.783,1437.9,312.624,1365.45,297.118,1297.65,285.663,1231.98,277.946,1166.64,273.954,1100.63,273.424,1032.65,273.997,963.619,274.978,892.625,274.314,821.235,271.956,750.329,266.112,681.473,258.023,615.72,247.414,553.663,236.035,495.063,222.821,439.891,210.681,388.305,198.076,339.984,186.459,293.731,173.823,249.76,161.048,214.428,149.173,200.0,0.44
17,,81.0,3587.9,968.592,3344.9,833.087,3175.76,784.799,2990.96,696.206,2826.02,643.869,2677.06,609.125,2530.54,576.762,2391.67,546.967,2262.03,516.348,2139.45,481.421,2020.85,456.467,1915.66,424.657,1812.04,399.657,1719.17,374.378,1631.39,352.392,1549.56,332.874,1473.2,316.564,1399.77,304.855,1329.23,297.269,1258.65,293.829,1187.66,293.234,1114.11,294.913,1038.39,296.315,961.11,296.376,883.482,294.198,805.922,289.132,730.757,280.203,658.561,269.349,590.46,256.383,526.403,243.46,466.507,229.496,410.353,216.26,356.974,202.369,306.019,188.278,259.172,172.769,215.614,161.315,200.0,0.44
0,,1.0,47918.2,53105.7,44778.1,42572.1,37179.7,37175.1,36224.7,32441.8,35467.7,28686.4,34324.8,24858.5,33227.8,21108.2,31871.1,17625.7,30161.5,14250.0,28392.9,11339.3,26750.2,9207.47,25537.1,7621.6,24364.7,6467.68,23326.6,5706.49,22362.7,5226.94,21403.8,5019.27,20406.2,5041.8,19301.9,5240.41,18039.7,5557.82,16587.5,5908.24,14950.8,6198.23,13187.6,6354.24,11371.9,6326.74,9584.89,6102.0,7917.0,5707.72,6419.71,5187.3,5124.23,4593.35,4035.51,3982.73,3138.1,3387.81,2409.53,2837.15,1826.41,2337.41,1367.78,1895.31,1014.56,1511.92,750.654,1185.95,557.459,919.836,839.787,500.225,200.0,0.71
1,,2.0,6896.58,994.867,6699.1,902.508,6425.1,875.214,6231.99,821.776,6044.68,785.694,5848.34,741.443,5686.37,707.093,5498.22,675.948,5321.59,650.715,5167.9,630.901,5022.95,608.678,4880.82,601.831,4742.64,596.121,4607.55,597.975,4473.14,611.922,4332.97,633.55,4186.5,666.438,4025.75,707.937,3849.22,756.956,3654.77,810.555,3441.47,863.856,3210.3,913.185,2963.02,953.431,2702.47,982.884,2434.04,998.223,2161.35,998.019,1889.43,982.025,1623.16,947.851,1369.52,897.056,1133.27,828.942,920.794,748.556,736.101,659.708,580.304,566.718,453.675,476.06,352.951,391.55,279.322,309.099,200.0,0.69
2,,3.0,5206.62,1034.92,4969.3,976.113,4724.31,845.306,4505.68,792.279,4324.47,735.311,4144.98,673.319,3995.09,623.42,3845.79,578.585,3695.19,543.492,3561.58,516.559,3435.66,486.357,3320.82,466.248,3206.38,450.397,3100.59,439.366,2998.36,432.595,2899.2,433.058,2799.12,439.936,2697.52,453.601,2590.46,473.258,2475.19,498.248,2350.08,525.727,2215.62,555.023,2071.82,583.906,1917.75,610.115,1756.13,633.678,1585.43,650.753,1407.75,659.282,1225.85,656.795,1043.79,638.851,867.231,606.607,703.844,558.241,557.812,497.878,435.526,430.187,336.052,360.147,260.427,294.348,196.318,231.025,200.0,0.66
3,,4.0,4035.61,933.829,3870.63,908.655,3660.33,771.205,3448.22,717.892,3290.66,666.366,3143.03,615.561,3012.72,571.778,2877.68,527.571,2743.19,492.279,2624.63,466.404,2515.5,433.393,2414.92,409.274,2316.05,388.768,2226.35,369.858,2141.53,353.723,2059.63,340.371,1982.28,331.493,1906.06,326.631,1830.98,327.264,1754.92,331.773,1675.2,340.123,1592.19,352.131,1504.71,366.81,1413.4,384.161,1314.59,402.813,1208.19,421.442,1095.05,437.326,974.208,449.004,848.139,452.68,720.011,443.751,594.565,422.079,479.317,387.47,378.086,342.685,293.467,292.4,226.787,241.529,175.815,194.63,200.0,0.65
4,,5.0,2147.64,617.082,2031.57,565.31,1889.15,475.046,1775.83,434.992,1681.31,401.694,1590.02,367.271,1509.17,340.653,1428.61,316.093,1350.45,295.868,1278.46,280.165,1213.83,260.707,1150.12,245.862,1091.76,230.57,1036.13,216.736,984.885,202.897,937.175,190.376,892.512,179.031,850.705,168.667,811.661,159.591,774.93,151.381,740.786,145.047,707.916,140.376,675.671,137.789,643.624,137.892,612.173,139.02,579.611,143.423,544.455,148.991,506.802,156.972,466.441,164.544,421.531,171.11,372.14,175.231,322.605,173.782,271.88,166.705,225.138,154.128,185.603,137.498,147.949,116.333,200.0,0.63
5,,6.0,1644.3,479.702,1514.51,411.727,1446.93,373.066,1357.22,325.976,1284.08,296.617,1220.89,277.778,1155.89,258.807,1100.4,243.25,1046.38,226.503,992.332,212.121,943.871,201.892,894.656,189.757,850.734,178.657,807.778,168.8,767.02,159.422,728.948,151.039,692.869,142.815,659.187,135.788,626.396,129.204,595.432,123.107,566.465,117.721,537.887,113.931,511.788,110.114,486.304,107.014,460.988,105.755,435.82,105.193,410.417,106.55,384.301,109.785,356.445,113.342,327.075,116.603,294.323,119.37,260.394,120.206,226.228,116.831,193.984,110.52,164.709,101.72,140.72,88.7992,200.0,0.62
6,,7.0,2338.32,710.651,2215.39,605.232,2056.1,547.953,1946.75,480.785,1837.78,438.858,1741.58,402.362,1642.49,371.684,1557.1,348.46,1480.09,328.224,1409.8,307.061,1335.06,287.479,1267.37,268.294,1201.3,251.781,1140.8,235.428,1084.08,220.06,1031.21,204.928,982.694,192.411,937.11,180.583,895.447,170.758,855.513,162.633,817.726,156.205,781.651,153.473,745.788,152.6,709.724,154.567,673.608,157.886,634.846,164.232,593.735,171.777,549.578,180.113,501.629,187.724,449.335,193.497,395.454,195.296,339.649,191.63,286.983,181.613,237.756,166.298,195.143,146.517,161.509,124.569,200.0,0.61
7,,8.0,2655.54,776.435,2500.6,716.115,2372.18,600.641,2217.31,550.323,2098.39,503.969,1989.57,466.788,1894.34,436.218,1794.38,404.288,1694.46,375.83,1599.58,352.889,1517.71,333.07,1435.41,309.513,1362.1,291.152,1294.3,271.479,1230.05,254.192,1170.85,237.349,1116.18,222.272,1065.09,208.759,1017.45,197.931,972.583,189.717,929.9,184.096,888.212,181.666,846.257,181.817,803.685,185.08,759.467,189.485,713.024,196.516,663.496,204.395,610.272,212.503,553.061,218.918,493.792,223.56,431.051,222.419,367.254,215.089,307.487,201.624,253.428,181.267,208.706,159.139,173.578,131.576,200.0,0.6
8,,9.0,2744.77,803.88,2547.24,705.415,2435.83,634.255,2276.13,560.743,2150.67,509.923,2038.36,478.27,1922.86,445.978,1823.72,418.237,1729.63,391.478,1634.51,365.406,1549.5,346.703,1465.49,322.826,1389.07,303.401,1316.16,282.971,1248.47,262.848,1185.45,245.822,1127.61,228.995,1074.5,215.307,1024.95,202.902,977.826,193.984,932.783,187.405,890.224,184.454,846.673,184.217,802.961,186.706,756.48,190.36,709.926,196.536,660.084,203.676,607.402,210.712,551.274,216.848,492.212,219.458,431.374,218.553,370.193,211.716,312.626,198.717,259.172,179.985,213.615,158.05,172.276,131.362,200.0,0.59
9,,10.0,2747.33,802.619,2585.97,729.689,2463.06,626.889,2296.7,575.925,2169.19,527.458,2053.77,489.5,1939.14,454.931,1839.87,424.216,1741.93,398.12,1643.33,374.895,1554.91,354.354,1465.16,330.572,1385.57,309.695,1309.47,288.274,1240.36,268.343,1177.24,249.468,1119.03,232.85,1065.07,217.794,1014.48,205.804,968.282,196.507,923.246,189.846,880.158,186.748,836.143,186.185,791.66,187.962,746.862,191.821,698.749,196.09,648.915,201.611,597.143,206.816,542.039,210.588,485.415,212.953,427.358,210.791,368.976,204.528,313.123,192.158,262.063,174.6,217.486,154.87,182.073,135.848,200.0,0.58
10,,11.0,5220.34,1521.29,4901.3,1444.79,4582.4,1247.69,4240.91,1172.12,3960.51,1079.74,3736.94,998.463,3507.72,918.914,3282.1,839.111,3075.73,773.803,2897.56,720.683,2734.42,657.182,2588.57,604.028,2446.33,556.177,2322.89,510.716,2207.71,469.645,2102.83,434.894,2005.78,406.394,1915.28,385.623,1829.22,371.282,1745.11,364.487,1660.41,363.996,1573.84,369.459,1484.79,379.156,1390.65,392.713,1290.45,407.742,1183.17,423.433,1069.12,435.146,949.387,442.466,826.447,441.97,703.248,429.401,583.888,405.771,474.465,370.995,377.71,328.724,298.112,280.915,234.23,233.856,191.438,196.808,200.0,0.57
11,,21.0,3007.51,888.601,2860.17,787.707,2687.01,673.639,2534.66,631.946,2397.4,586.355,2267.63,542.735,2142.6,507.019,2025.08,475.089,1907.7,446.516,1797.17,424.077,1697.67,395.867,1599.38,372.098,1511.11,346.374,1427.91,322.174,1351.41,299.948,1280.65,280.18,1215.56,264.494,1155.05,251.684,1096.96,242.567,1040.68,236.906,983.867,234.055,927.241,232.348,868.916,231.515,809.867,230.417,751.162,227.995,692.98,223.631,634.996,218.185,579.601,212.39,526.266,204.972,475.918,199.222,424.971,191.068,376.235,182.954,329.675,172.497,285.217,160.974,244.62,147.561,211.506,132.434,200.0,0.51
12,,31.0,3063.87,892.603,2921.04,793.749,2715.87,691.407,2569.18,635.657,2420.08,591.675,2298.13,550.201,2162.79,513.175,2034.69,480.184,1917.14,452.791,1809.99,429.058,1713.09,400.428,1616.1,375.81,1527.46,350.856,1445.1,326.484,1368.84,306.049,1298.4,287.218,1232.47,271.662,1169.49,259.343,1108.99,250.986,1049.84,246.392,990.531,244.053,929.513,242.618,867.748,241.391,805.263,239.121,742.816,235.195,683.18,228.856,624.48,221.691,569.296,213.38,514.778,204.946,464.509,195.298,415.703,185.873,369.041,176.795,325.381,166.038,283.798,155.321,244.745,142.584,210.142,124.071,200.0,0.48
13,,41.0,3160.94,870.888,2957.0,781.214,2852.32,722.371,2659.91,648.622,2513.31,597.56,2370.97,562.04,2244.05,529.597,2124.95,499.05,2005.5,466.652,1889.71,434.192,1780.57,411.124,1683.16,380.141,1590.02,356.644,1506.4,334.116,1427.3,312.414,1355.43,294.23,1289.24,279.366,1225.47,267.507,1163.51,259.917,1102.11,255.253,1040.94,253.25,978.322,253.766,914.476,253.882,848.941,252.06,782.984,248.783,718.824,243.863,656.682,236.949,596.872,228.172,539.424,218.216,483.924,207.514,431.915,197.276,383.246,186.267,336.675,175.211,292.973,163.0,252.437,150.029,217.835,141.161,200.0,0.46
14,,51.0,3309.36,928.158,3085.89,787.14,2927.6,746.442,2752.72,658.18,2602.17,608.807,2452.9,571.038,2320.53,539.62,2194.66,511.625,2073.25,481.045,1957.45,447.24,1845.72,422.693,1746.45,392.184,1652.2,369.348,1564.66,344.911,1484.58,323.155,1409.62,304.66,1339.49,289.897,1273.07,277.984,1209.58,270.789,1146.0,266.712,1080.78,265.666,1015.18,266.776,947.509,266.975,877.947,266.002,809.085,262.7,739.788,256.771,674.464,249.011,610.89,239.526,551.273,228.985,494.135,216.59,439.793,204.177,389.455,192.38,341.469,179.854,297.738,167.12,255.368,153.819,221.824,135.822,200.0,0.45
15,,61.0,3442.83,950.003,3282.84,851.159,3065.37,748.695,2910.61,695.747,2753.52,650.527,2622.79,607.119,2474.97,567.82,2338.13,532.886,2211.89,503.491,2093.55,477.612,1985.54,445.619,1876.69,419.829,1778.09,392.021,1684.25,365.651,1598.89,343.692,1518.24,324.002,1443.94,307.712,1372.43,295.801,1303.77,288.754,1235.58,285.181,1166.28,284.984,1095.28,286.249,1021.89,287.714,947.176,287.547,871.984,285.294,796.809,279.444,724.217,271.505,654.759,261.86,589.334,249.335,526.326,237.165,467.59,223.95,411.502,210.418,359.744,196.124,311.267,181.963,265.472,166.537,218.73,150.042,200.0,0.44
16,,71.0,3625.64,981.726,3414.99,844.923,3240.28,815.402,3060.19,721.606,2894.74,668.781,2739.81,628.138,2592.35,591.708,2447.57,561.631,2313.88,529.389,2191.25,493.589,2069.85,464.756,1964.09,434.401,1858.87,407.252,1763.73,382.175,1674.7,359.331,1591.68,339.371,1513.18,323.623,1438.55,312.23,1366.01,305.044,1294.7,302.143,1220.39,303.311,1144.98,304.269,1067.04,306.036,987.266,305.528,906.472,303.119,827.437,296.77,750.471,287.826,676.418,275.941,606.722,263.048,540.827,248.511,479.234,233.418,421.528,218.606,367.717,204.146,317.095,188.59,270.461,172.255,232.025,151.702,200.0,0.44
17,,81.0,3891.91,1008.6,3670.83,938.403,3498.61,824.233,3277.07,772.94,3087.15,716.481,2932.92,675.717,2769.76,633.844,2625.49,593.506,2486.25,557.258,2348.82,524.83,2225.94,497.856,2104.63,462.681,1993.83,435.269,1891.31,407.626,1794.97,383.66,1705.87,362.908,1621.59,346.304,1541.25,334.287,1463.43,327.301,1385.48,325.173,1306.34,325.574,1224.68,327.644,1141.04,330.746,1054.6,331.129,967.094,328.555,880.895,322.037,797.743,312.378,717.194,299.787,641.104,285.893,569.741,269.821,503.522,253.123,440.613,236.799,383.247,219.788,328.901,202.717,279.113,184.141,231.765,157.485,200.0,0.43
